This is pdfTeX, Version 3.141592653-2.6-1.40.27 (MiKTeX 25.4) (preloaded format=pdflatex 2025.7.19)  27 JUL 2026 11:09
entering extended mode
 restricted \write18 enabled.
 %&-line parsing enabled.
**./main.tex
(main.tex
LaTeX2e <2025-06-01> patch level 1
L3 programming layer <2025-07-11>
(C:\Users\estebe\AppData\Local\Programs\MiKTeX\tex/latex/base\report.cls
Document Class: report 2025/01/22 v1.4n Standard LaTeX document class
(C:\Users\estebe\AppData\Local\Programs\MiKTeX\tex/latex/base\size12.clo
File: size12.clo 2025/01/22 v1.4n Standard LaTeX file (size option)
)
\c@part=\count275
\c@chapter=\count276
\c@section=\count277
\c@subsection=\count278
\c@subsubsection=\count279
\c@paragraph=\count280
\c@subparagraph=\count281
\c@figure=\count282
\c@table=\count283
\abovecaptionskip=\skip49
\belowcaptionskip=\skip50
\bibindent=\dimen148
)
(C:\Users\estebe\AppData\Local\Programs\MiKTeX\tex/latex/base\inputenc.sty
Package: inputenc 2024/02/08 v1.3d Input encoding file
\inpenc@prehook=\toks17
\inpenc@posthook=\toks18
)
(C:\Users\estebe\AppData\Local\Programs\MiKTeX\tex/generic/babel\babel.sty
Package: babel 2025/05/14 v25.9 The multilingual framework for pdfLaTeX, LuaLaT
eX and XeLaTeX
\babel@savecnt=\count284
LaTeX Encoding Info:    Redeclaring text command \ij (encoding OT1) on input li
ne 2043.
LaTeX Encoding Info:    Redeclaring text command \IJ (encoding OT1) on input li
ne 2045.
LaTeX Encoding Info:    Redeclaring text command \ij (encoding T1) on input lin
e 2047.
LaTeX Encoding Info:    Redeclaring text command \IJ (encoding T1) on input lin
e 2048.
LaTeX Encoding Info:    Ignoring declaration for text command \ij (encoding ?) 
on input line 2049.
LaTeX Encoding Info:    Ignoring declaration for text command \IJ (encoding ?) 
on input line 2051.
LaTeX Encoding Info:    Ignoring declaration for text command \SS (encoding ?) 
on input line 2076.
\U@D=\dimen149
\l@unhyphenated=\language79

(C:\Users\estebe\AppData\Local\Programs\MiKTeX\tex/generic/babel\txtbabel.def)
\bbl@readstream=\read2
\bbl@dirlevel=\count285

*************************************
* Local config file bblopts.cfg used
*
(C:\Users\estebe\AppData\Local\Programs\MiKTeX\tex/latex/arabi\bblopts.cfg
File: bblopts.cfg 2005/09/08 v0.1 add Arabic and Farsi to "declared" options of
 babel
)
(C:\Users\estebe\AppData\Local\Programs\MiKTeX\tex/generic/babel-french\french.
ldf
Language: french 2025-07-02 v4.0b French support from the babel system

(C:\Users\estebe\AppData\Local\Programs\MiKTeX\tex/generic/babel/locale/fr\babe
l-french.tex
Package babel Info: Importing font and identification data for french
(babel)             from babel-fr.ini. Reported on input line 11.
)
(C:\Users\estebe\AppData\Local\Programs\MiKTeX\tex/generic/babel-french\french3
.ldf
Language: french 2025-07-02 v3.7b French support from the babel system
\FB@stdchar=\count286
Package babel Info: Making : an active character on input line 273.
Package babel Info: Making ; an active character on input line 274.
Package babel Info: Making ! an active character on input line 275.
Package babel Info: Making ? an active character on input line 276.
\FBguill@level=\count287
\FBold@everypar=\toks19
\FB@Mht=\dimen150
\mc@charclass=\count288
\mc@charfam=\count289
\mc@charslot=\count290
\std@mcc=\count291
\dec@mcc=\count292
\FB@pardim=\dimen151
\listindentFB=\dimen152
\descindentFB=\dimen153
\labelindentFB=\dimen154
\labelwidthFB=\dimen155
\leftmarginFB=\dimen156
\parindentFFN=\dimen157
\FBfnindent=\dimen158
)))
(C:\Users\estebe\AppData\Local\Programs\MiKTeX\tex/latex/carlisle\scalefnt.sty)
(C:\Users\estebe\AppData\Local\Programs\MiKTeX\tex/latex/base\fontenc.sty
Package: fontenc 2024/12/21 v2.1c Standard LaTeX package
)
(C:\Users\estebe\AppData\Local\Programs\MiKTeX\tex/latex/psnfss\mathptmx.sty
Package: mathptmx 2020/03/25 PSNFSS-v9.3 Times w/ Math, improved (SPQR, WaS) 
LaTeX Font Info:    Redeclaring symbol font `operators' on input line 28.
LaTeX Font Info:    Overwriting symbol font `operators' in version `normal'
(Font)                  OT1/cmr/m/n --> OT1/ztmcm/m/n on input line 28.
LaTeX Font Info:    Overwriting symbol font `operators' in version `bold'
(Font)                  OT1/cmr/bx/n --> OT1/ztmcm/m/n on input line 28.
LaTeX Font Info:    Redeclaring symbol font `letters' on input line 29.
LaTeX Font Info:    Overwriting symbol font `letters' in version `normal'
(Font)                  OML/cmm/m/it --> OML/ztmcm/m/it on input line 29.
LaTeX Font Info:    Overwriting symbol font `letters' in version `bold'
(Font)                  OML/cmm/b/it --> OML/ztmcm/m/it on input line 29.
LaTeX Font Info:    Redeclaring symbol font `symbols' on input line 30.
LaTeX Font Info:    Overwriting symbol font `symbols' in version `normal'
(Font)                  OMS/cmsy/m/n --> OMS/ztmcm/m/n on input line 30.
LaTeX Font Info:    Overwriting symbol font `symbols' in version `bold'
(Font)                  OMS/cmsy/b/n --> OMS/ztmcm/m/n on input line 30.
LaTeX Font Info:    Redeclaring symbol font `largesymbols' on input line 31.
LaTeX Font Info:    Overwriting symbol font `largesymbols' in version `normal'
(Font)                  OMX/cmex/m/n --> OMX/ztmcm/m/n on input line 31.
LaTeX Font Info:    Overwriting symbol font `largesymbols' in version `bold'
(Font)                  OMX/cmex/m/n --> OMX/ztmcm/m/n on input line 31.
\symbold=\mathgroup4
\symitalic=\mathgroup5
LaTeX Font Info:    Redeclaring math alphabet \mathbf on input line 34.
LaTeX Font Info:    Overwriting math alphabet `\mathbf' in version `normal'
(Font)                  OT1/cmr/bx/n --> OT1/ptm/bx/n on input line 34.
LaTeX Font Info:    Overwriting math alphabet `\mathbf' in version `bold'
(Font)                  OT1/cmr/bx/n --> OT1/ptm/bx/n on input line 34.
LaTeX Font Info:    Redeclaring math alphabet \mathit on input line 35.
LaTeX Font Info:    Overwriting math alphabet `\mathit' in version `normal'
(Font)                  OT1/cmr/m/it --> OT1/ptm/m/it on input line 35.
LaTeX Font Info:    Overwriting math alphabet `\mathit' in version `bold'
(Font)                  OT1/cmr/bx/it --> OT1/ptm/m/it on input line 35.
LaTeX Info: Redefining \hbar on input line 50.
)
(C:\Users\estebe\AppData\Local\Programs\MiKTeX\tex/latex/psnfss\helvet.sty
Package: helvet 2020/03/25 PSNFSS-v9.3 (WaS) 

(C:\Users\estebe\AppData\Local\Programs\MiKTeX\tex/latex/graphics\keyval.sty
Package: keyval 2022/05/29 v1.15 key=value parser (DPC)
\KV@toks@=\toks20
))
(C:\Users\estebe\AppData\Local\Programs\MiKTeX\tex/latex/psnfss\courier.sty
Package: courier 2020/03/25 PSNFSS-v9.3 (WaS) 
)
(C:\Users\estebe\AppData\Local\Programs\MiKTeX\tex/latex/amsmath\amsmath.sty
Package: amsmath 2025/06/16 v2.17y AMS math features
\@mathmargin=\skip51

For additional information on amsmath, use the `?' option.
(C:\Users\estebe\AppData\Local\Programs\MiKTeX\tex/latex/amsmath\amstext.sty
Package: amstext 2024/11/17 v2.01 AMS text

(C:\Users\estebe\AppData\Local\Programs\MiKTeX\tex/latex/amsmath\amsgen.sty
File: amsgen.sty 1999/11/30 v2.0 generic functions
\@emptytoks=\toks21
\ex@=\dimen159
))
(C:\Users\estebe\AppData\Local\Programs\MiKTeX\tex/latex/amsmath\amsbsy.sty
Package: amsbsy 1999/11/29 v1.2d Bold Symbols
\pmbraise@=\dimen160
)
(C:\Users\estebe\AppData\Local\Programs\MiKTeX\tex/latex/amsmath\amsopn.sty
Package: amsopn 2022/04/08 v2.04 operator names
)
\inf@bad=\count293
LaTeX Info: Redefining \frac on input line 233.
\uproot@=\count294
\leftroot@=\count295
LaTeX Info: Redefining \overline on input line 398.
LaTeX Info: Redefining \colon on input line 409.
\classnum@=\count296
\DOTSCASE@=\count297
LaTeX Info: Redefining \ldots on input line 495.
LaTeX Info: Redefining \dots on input line 498.
LaTeX Info: Redefining \cdots on input line 619.
\Mathstrutbox@=\box53
\strutbox@=\box54
LaTeX Info: Redefining \big on input line 721.
LaTeX Info: Redefining \Big on input line 722.
LaTeX Info: Redefining \bigg on input line 723.
LaTeX Info: Redefining \Bigg on input line 724.
\big@size=\dimen161
LaTeX Font Info:    Redeclaring font encoding OML on input line 742.
LaTeX Font Info:    Redeclaring font encoding OMS on input line 743.
\macc@depth=\count298
LaTeX Info: Redefining \bmod on input line 904.
LaTeX Info: Redefining \pmod on input line 909.
LaTeX Info: Redefining \smash on input line 939.
LaTeX Info: Redefining \relbar on input line 969.
LaTeX Info: Redefining \Relbar on input line 970.
\c@MaxMatrixCols=\count299
\dotsspace@=\muskip17
\c@parentequation=\count300
\dspbrk@lvl=\count301
\tag@help=\toks22
\row@=\count302
\column@=\count303
\maxfields@=\count304
\andhelp@=\toks23
\eqnshift@=\dimen162
\alignsep@=\dimen163
\tagshift@=\dimen164
\tagwidth@=\dimen165
\totwidth@=\dimen166
\lineht@=\dimen167
\@envbody=\toks24
\multlinegap=\skip52
\multlinetaggap=\skip53
\mathdisplay@stack=\toks25
LaTeX Info: Redefining \[ on input line 2949.
LaTeX Info: Redefining \] on input line 2950.
)
(C:\Users\estebe\AppData\Local\Programs\MiKTeX\tex/latex/amsfonts\amssymb.sty
Package: amssymb 2013/01/14 v3.01 AMS font symbols

(C:\Users\estebe\AppData\Local\Programs\MiKTeX\tex/latex/amsfonts\amsfonts.sty
Package: amsfonts 2013/01/14 v3.01 Basic AMSFonts support
\symAMSa=\mathgroup6
\symAMSb=\mathgroup7
LaTeX Font Info:    Overwriting math alphabet `\mathfrak' in version `bold'
(Font)                  U/euf/m/n --> U/euf/b/n on input line 106.
))
(C:\Users\estebe\AppData\Local\Programs\MiKTeX\tex/latex/csquotes\csquotes.sty
Package: csquotes 2024-04-04 v5.2o context-sensitive quotations (JAW)

(C:\Users\estebe\AppData\Local\Programs\MiKTeX\tex/latex/etoolbox\etoolbox.sty
Package: etoolbox 2025/02/11 v2.5l e-TeX tools for LaTeX (JAW)
\etb@tempcnta=\count305
)
\csq@reset=\count306
\csq@gtype=\count307
\csq@glevel=\count308
\csq@qlevel=\count309
\csq@maxlvl=\count310
\csq@tshold=\count311
\csq@ltx@everypar=\toks26
(C:\Users\estebe\AppData\Local\Programs\MiKTeX\tex/latex/csquotes\csquotes.def
File: csquotes.def 2024-04-04 v5.2o csquotes generic definitions (JAW)
)
Package csquotes Info: Trying to load configuration file 'csquotes.cfg'...
Package csquotes Info: ... configuration file loaded successfully.
(C:\Users\estebe\AppData\Local\Programs\MiKTeX\tex/latex/csquotes\csquotes.cfg
File: csquotes.cfg 
))
(C:\Users\estebe\AppData\Local\Programs\MiKTeX\tex/latex/geometry\geometry.sty
Package: geometry 2020/01/02 v5.9 Page Geometry

(C:\Users\estebe\AppData\Local\Programs\MiKTeX\tex/generic/iftex\ifvtex.sty
Package: ifvtex 2019/10/25 v1.7 ifvtex legacy package. Use iftex instead.

(C:\Users\estebe\AppData\Local\Programs\MiKTeX\tex/generic/iftex\iftex.sty
Package: iftex 2024/12/12 v1.0g TeX engine tests
))
\Gm@cnth=\count312
\Gm@cntv=\count313
\c@Gm@tempcnt=\count314
\Gm@bindingoffset=\dimen168
\Gm@wd@mp=\dimen169
\Gm@odd@mp=\dimen170
\Gm@even@mp=\dimen171
\Gm@layoutwidth=\dimen172
\Gm@layoutheight=\dimen173
\Gm@layouthoffset=\dimen174
\Gm@layoutvoffset=\dimen175
\Gm@dimlist=\toks27

(C:\Users\estebe\AppData\Local\Programs\MiKTeX\tex/latex/geometry\geometry.cfg)
)
(C:\Users\estebe\AppData\Local\Programs\MiKTeX\tex/latex/graphics\graphicx.sty
Package: graphicx 2024/12/31 v1.2e Enhanced LaTeX Graphics (DPC,SPQR)

(C:\Users\estebe\AppData\Local\Programs\MiKTeX\tex/latex/graphics\graphics.sty
Package: graphics 2024/08/06 v1.4g Standard LaTeX Graphics (DPC,SPQR)

(C:\Users\estebe\AppData\Local\Programs\MiKTeX\tex/latex/graphics\trig.sty
Package: trig 2023/12/02 v1.11 sin cos tan (DPC)
)
(C:\Users\estebe\AppData\Local\Programs\MiKTeX\tex/latex/graphics-cfg\graphics.
cfg
File: graphics.cfg 2016/06/04 v1.11 sample graphics configuration
)
Package graphics Info: Driver file: pdftex.def on input line 106.

(C:\Users\estebe\AppData\Local\Programs\MiKTeX\tex/latex/graphics-def\pdftex.de
f
File: pdftex.def 2024/04/13 v1.2c Graphics/color driver for pdftex
))
\Gin@req@height=\dimen176
\Gin@req@width=\dimen177
)
(C:\Users\estebe\AppData\Local\Programs\MiKTeX\tex/latex/pdfpages\pdfpages.sty
Package: pdfpages 2026/03/30 v0.6h Insert pages of external PDF documents (AM)

(C:\Users\estebe\AppData\Local\Programs\MiKTeX\tex/latex/base\ifthen.sty
Package: ifthen 2024/03/16 v1.1e Standard LaTeX ifthen package (DPC)
)
(C:\Users\estebe\AppData\Local\Programs\MiKTeX\tex/latex/tools\calc.sty
Package: calc 2025/03/01 v4.3b Infix arithmetic (KKT,FJ)
\calc@Acount=\count315
\calc@Bcount=\count316
\calc@Adimen=\dimen178
\calc@Bdimen=\dimen179
\calc@Askip=\skip54
\calc@Bskip=\skip55
LaTeX Info: Redefining \setlength on input line 86.
LaTeX Info: Redefining \addtolength on input line 87.
\calc@Ccount=\count317
\calc@Cskip=\skip56
)
(C:\Users\estebe\AppData\Local\Programs\MiKTeX\tex/latex/eso-pic\eso-pic.sty
Package: eso-pic 2023/05/03 v3.0c eso-pic (RN)
\ESO@tempdima=\dimen180
\ESO@tempdimb=\dimen181

(C:\Users\estebe\AppData\Local\Programs\MiKTeX\tex/latex/xcolor\xcolor.sty
Package: xcolor 2024/09/29 v3.02 LaTeX color extensions (UK)

(C:\Users\estebe\AppData\Local\Programs\MiKTeX\tex/latex/graphics-cfg\color.cfg
File: color.cfg 2016/01/02 v1.6 sample color configuration
)
Package xcolor Info: Driver file: pdftex.def on input line 274.

(C:\Users\estebe\AppData\Local\Programs\MiKTeX\tex/latex/graphics\mathcolor.ltx
)
Package xcolor Info: Model `cmy' substituted by `cmy0' on input line 1349.
Package xcolor Info: Model `hsb' substituted by `rgb' on input line 1353.
Package xcolor Info: Model `RGB' extended on input line 1365.
Package xcolor Info: Model `HTML' substituted by `rgb' on input line 1367.
Package xcolor Info: Model `Hsb' substituted by `hsb' on input line 1368.
Package xcolor Info: Model `tHsb' substituted by `hsb' on input line 1369.
Package xcolor Info: Model `HSB' substituted by `hsb' on input line 1370.
Package xcolor Info: Model `Gray' substituted by `gray' on input line 1371.
Package xcolor Info: Model `wave' substituted by `hsb' on input line 1372.
))
\AM@pagewidth=\dimen182
\AM@pageheight=\dimen183
\AM@fboxrule=\dimen184

(C:\Users\estebe\AppData\Local\Programs\MiKTeX\tex/latex/pdfpages\pppdftex.def
File: pppdftex.def 2026/03/30 v0.6h Pdfpages driver for pdfTeX (AM)
)
\pdfpages@includegraphics@status=\count318
\AM@pagebox=\box55
\AM@global@opts=\toks28
\AM@pagecnt=\count319
\AM@toc@title=\toks29
\AM@lof@heading=\toks30
\c@AM@survey=\count320
\AM@templatesizebox=\box56
)
(C:\Users\estebe\AppData\Local\Programs\MiKTeX\tex/latex/pgf/frontendlayer\tikz
.sty
(C:\Users\estebe\AppData\Local\Programs\MiKTeX\tex/latex/pgf/basiclayer\pgf.sty

(C:\Users\estebe\AppData\Local\Programs\MiKTeX\tex/latex/pgf/utilities\pgfrcs.s
ty
(C:\Users\estebe\AppData\Local\Programs\MiKTeX\tex/generic/pgf/utilities\pgfuti
l-common.tex
\pgfutil@everybye=\toks31
\pgfutil@tempdima=\dimen185
\pgfutil@tempdimb=\dimen186
)
(C:\Users\estebe\AppData\Local\Programs\MiKTeX\tex/generic/pgf/utilities\pgfuti
l-latex.def
\pgfutil@abb=\box57
)
(C:\Users\estebe\AppData\Local\Programs\MiKTeX\tex/generic/pgf/utilities\pgfrcs
.code.tex
(C:\Users\estebe\AppData\Local\Programs\MiKTeX\tex/generic/pgf\pgf.revision.tex
)
Package: pgfrcs 2023-01-15 v3.1.10 (3.1.10)
))
Package: pgf 2023-01-15 v3.1.10 (3.1.10)

(C:\Users\estebe\AppData\Local\Programs\MiKTeX\tex/latex/pgf/basiclayer\pgfcore
.sty
(C:\Users\estebe\AppData\Local\Programs\MiKTeX\tex/latex/pgf/systemlayer\pgfsys
.sty
(C:\Users\estebe\AppData\Local\Programs\MiKTeX\tex/generic/pgf/systemlayer\pgfs
ys.code.tex
Package: pgfsys 2023-01-15 v3.1.10 (3.1.10)

(C:\Users\estebe\AppData\Local\Programs\MiKTeX\tex/generic/pgf/utilities\pgfkey
s.code.tex
\pgfkeys@pathtoks=\toks32
\pgfkeys@temptoks=\toks33

(C:\Users\estebe\AppData\Local\Programs\MiKTeX\tex/generic/pgf/utilities\pgfkey
slibraryfiltered.code.tex
\pgfkeys@tmptoks=\toks34
))
\pgf@x=\dimen187
\pgf@y=\dimen188
\pgf@xa=\dimen189
\pgf@ya=\dimen190
\pgf@xb=\dimen191
\pgf@yb=\dimen192
\pgf@xc=\dimen193
\pgf@yc=\dimen194
\pgf@xd=\dimen195
\pgf@yd=\dimen196
\w@pgf@writea=\write3
\r@pgf@reada=\read3
\c@pgf@counta=\count321
\c@pgf@countb=\count322
\c@pgf@countc=\count323
\c@pgf@countd=\count324
\t@pgf@toka=\toks35
\t@pgf@tokb=\toks36
\t@pgf@tokc=\toks37
\pgf@sys@id@count=\count325

(C:\Users\estebe\AppData\Local\Programs\MiKTeX\tex/generic/pgf/systemlayer\pgf.
cfg
File: pgf.cfg 2023-01-15 v3.1.10 (3.1.10)
)
Driver file for pgf: pgfsys-pdftex.def

(C:\Users\estebe\AppData\Local\Programs\MiKTeX\tex/generic/pgf/systemlayer\pgfs
ys-pdftex.def
File: pgfsys-pdftex.def 2023-01-15 v3.1.10 (3.1.10)

(C:\Users\estebe\AppData\Local\Programs\MiKTeX\tex/generic/pgf/systemlayer\pgfs
ys-common-pdf.def
File: pgfsys-common-pdf.def 2023-01-15 v3.1.10 (3.1.10)
)))
(C:\Users\estebe\AppData\Local\Programs\MiKTeX\tex/generic/pgf/systemlayer\pgfs
yssoftpath.code.tex
File: pgfsyssoftpath.code.tex 2023-01-15 v3.1.10 (3.1.10)
\pgfsyssoftpath@smallbuffer@items=\count326
\pgfsyssoftpath@bigbuffer@items=\count327
)
(C:\Users\estebe\AppData\Local\Programs\MiKTeX\tex/generic/pgf/systemlayer\pgfs
ysprotocol.code.tex
File: pgfsysprotocol.code.tex 2023-01-15 v3.1.10 (3.1.10)
))
(C:\Users\estebe\AppData\Local\Programs\MiKTeX\tex/generic/pgf/basiclayer\pgfco
re.code.tex
Package: pgfcore 2023-01-15 v3.1.10 (3.1.10)

(C:\Users\estebe\AppData\Local\Programs\MiKTeX\tex/generic/pgf/math\pgfmath.cod
e.tex
(C:\Users\estebe\AppData\Local\Programs\MiKTeX\tex/generic/pgf/math\pgfmathutil
.code.tex)
(C:\Users\estebe\AppData\Local\Programs\MiKTeX\tex/generic/pgf/math\pgfmathpars
er.code.tex
\pgfmath@dimen=\dimen197
\pgfmath@count=\count328
\pgfmath@box=\box58
\pgfmath@toks=\toks38
\pgfmath@stack@operand=\toks39
\pgfmath@stack@operation=\toks40
)
(C:\Users\estebe\AppData\Local\Programs\MiKTeX\tex/generic/pgf/math\pgfmathfunc
tions.code.tex)
(C:\Users\estebe\AppData\Local\Programs\MiKTeX\tex/generic/pgf/math\pgfmathfunc
tions.basic.code.tex)
(C:\Users\estebe\AppData\Local\Programs\MiKTeX\tex/generic/pgf/math\pgfmathfunc
tions.trigonometric.code.tex)
(C:\Users\estebe\AppData\Local\Programs\MiKTeX\tex/generic/pgf/math\pgfmathfunc
tions.random.code.tex)
(C:\Users\estebe\AppData\Local\Programs\MiKTeX\tex/generic/pgf/math\pgfmathfunc
tions.comparison.code.tex)
(C:\Users\estebe\AppData\Local\Programs\MiKTeX\tex/generic/pgf/math\pgfmathfunc
tions.base.code.tex)
(C:\Users\estebe\AppData\Local\Programs\MiKTeX\tex/generic/pgf/math\pgfmathfunc
tions.round.code.tex)
(C:\Users\estebe\AppData\Local\Programs\MiKTeX\tex/generic/pgf/math\pgfmathfunc
tions.misc.code.tex)
(C:\Users\estebe\AppData\Local\Programs\MiKTeX\tex/generic/pgf/math\pgfmathfunc
tions.integerarithmetics.code.tex)
(C:\Users\estebe\AppData\Local\Programs\MiKTeX\tex/generic/pgf/math\pgfmathcalc
.code.tex)
(C:\Users\estebe\AppData\Local\Programs\MiKTeX\tex/generic/pgf/math\pgfmathfloa
t.code.tex
\c@pgfmathroundto@lastzeros=\count329
))
(C:\Users\estebe\AppData\Local\Programs\MiKTeX\tex/generic/pgf/math\pgfint.code
.tex)
(C:\Users\estebe\AppData\Local\Programs\MiKTeX\tex/generic/pgf/basiclayer\pgfco
repoints.code.tex
File: pgfcorepoints.code.tex 2023-01-15 v3.1.10 (3.1.10)
\pgf@picminx=\dimen198
\pgf@picmaxx=\dimen199
\pgf@picminy=\dimen256
\pgf@picmaxy=\dimen257
\pgf@pathminx=\dimen258
\pgf@pathmaxx=\dimen259
\pgf@pathminy=\dimen260
\pgf@pathmaxy=\dimen261
\pgf@xx=\dimen262
\pgf@xy=\dimen263
\pgf@yx=\dimen264
\pgf@yy=\dimen265
\pgf@zx=\dimen266
\pgf@zy=\dimen267
)
(C:\Users\estebe\AppData\Local\Programs\MiKTeX\tex/generic/pgf/basiclayer\pgfco
repathconstruct.code.tex
File: pgfcorepathconstruct.code.tex 2023-01-15 v3.1.10 (3.1.10)
\pgf@path@lastx=\dimen268
\pgf@path@lasty=\dimen269
)
(C:\Users\estebe\AppData\Local\Programs\MiKTeX\tex/generic/pgf/basiclayer\pgfco
repathusage.code.tex
File: pgfcorepathusage.code.tex 2023-01-15 v3.1.10 (3.1.10)
\pgf@shorten@end@additional=\dimen270
\pgf@shorten@start@additional=\dimen271
)
(C:\Users\estebe\AppData\Local\Programs\MiKTeX\tex/generic/pgf/basiclayer\pgfco
rescopes.code.tex
File: pgfcorescopes.code.tex 2023-01-15 v3.1.10 (3.1.10)
\pgfpic=\box59
\pgf@hbox=\box60
\pgf@layerbox@main=\box61
\pgf@picture@serial@count=\count330
)
(C:\Users\estebe\AppData\Local\Programs\MiKTeX\tex/generic/pgf/basiclayer\pgfco
regraphicstate.code.tex
File: pgfcoregraphicstate.code.tex 2023-01-15 v3.1.10 (3.1.10)
\pgflinewidth=\dimen272
)
(C:\Users\estebe\AppData\Local\Programs\MiKTeX\tex/generic/pgf/basiclayer\pgfco
retransformations.code.tex
File: pgfcoretransformations.code.tex 2023-01-15 v3.1.10 (3.1.10)
\pgf@pt@x=\dimen273
\pgf@pt@y=\dimen274
\pgf@pt@temp=\dimen275
)
(C:\Users\estebe\AppData\Local\Programs\MiKTeX\tex/generic/pgf/basiclayer\pgfco
requick.code.tex
File: pgfcorequick.code.tex 2023-01-15 v3.1.10 (3.1.10)
)
(C:\Users\estebe\AppData\Local\Programs\MiKTeX\tex/generic/pgf/basiclayer\pgfco
reobjects.code.tex
File: pgfcoreobjects.code.tex 2023-01-15 v3.1.10 (3.1.10)
)
(C:\Users\estebe\AppData\Local\Programs\MiKTeX\tex/generic/pgf/basiclayer\pgfco
repathprocessing.code.tex
File: pgfcorepathprocessing.code.tex 2023-01-15 v3.1.10 (3.1.10)
)
(C:\Users\estebe\AppData\Local\Programs\MiKTeX\tex/generic/pgf/basiclayer\pgfco
rearrows.code.tex
File: pgfcorearrows.code.tex 2023-01-15 v3.1.10 (3.1.10)
\pgfarrowsep=\dimen276
)
(C:\Users\estebe\AppData\Local\Programs\MiKTeX\tex/generic/pgf/basiclayer\pgfco
reshade.code.tex
File: pgfcoreshade.code.tex 2023-01-15 v3.1.10 (3.1.10)
\pgf@max=\dimen277
\pgf@sys@shading@range@num=\count331
\pgf@shadingcount=\count332
)
(C:\Users\estebe\AppData\Local\Programs\MiKTeX\tex/generic/pgf/basiclayer\pgfco
reimage.code.tex
File: pgfcoreimage.code.tex 2023-01-15 v3.1.10 (3.1.10)
)
(C:\Users\estebe\AppData\Local\Programs\MiKTeX\tex/generic/pgf/basiclayer\pgfco
reexternal.code.tex
File: pgfcoreexternal.code.tex 2023-01-15 v3.1.10 (3.1.10)
\pgfexternal@startupbox=\box62
)
(C:\Users\estebe\AppData\Local\Programs\MiKTeX\tex/generic/pgf/basiclayer\pgfco
relayers.code.tex
File: pgfcorelayers.code.tex 2023-01-15 v3.1.10 (3.1.10)
)
(C:\Users\estebe\AppData\Local\Programs\MiKTeX\tex/generic/pgf/basiclayer\pgfco
retransparency.code.tex
File: pgfcoretransparency.code.tex 2023-01-15 v3.1.10 (3.1.10)
)
(C:\Users\estebe\AppData\Local\Programs\MiKTeX\tex/generic/pgf/basiclayer\pgfco
repatterns.code.tex
File: pgfcorepatterns.code.tex 2023-01-15 v3.1.10 (3.1.10)
)
(C:\Users\estebe\AppData\Local\Programs\MiKTeX\tex/generic/pgf/basiclayer\pgfco
rerdf.code.tex
File: pgfcorerdf.code.tex 2023-01-15 v3.1.10 (3.1.10)
)))
(C:\Users\estebe\AppData\Local\Programs\MiKTeX\tex/generic/pgf/modules\pgfmodul
eshapes.code.tex
File: pgfmoduleshapes.code.tex 2023-01-15 v3.1.10 (3.1.10)
\pgfnodeparttextbox=\box63
)
(C:\Users\estebe\AppData\Local\Programs\MiKTeX\tex/generic/pgf/modules\pgfmodul
eplot.code.tex
File: pgfmoduleplot.code.tex 2023-01-15 v3.1.10 (3.1.10)
)
(C:\Users\estebe\AppData\Local\Programs\MiKTeX\tex/latex/pgf/compatibility\pgfc
omp-version-0-65.sty
Package: pgfcomp-version-0-65 2023-01-15 v3.1.10 (3.1.10)
\pgf@nodesepstart=\dimen278
\pgf@nodesepend=\dimen279
)
(C:\Users\estebe\AppData\Local\Programs\MiKTeX\tex/latex/pgf/compatibility\pgfc
omp-version-1-18.sty
Package: pgfcomp-version-1-18 2023-01-15 v3.1.10 (3.1.10)
))
(C:\Users\estebe\AppData\Local\Programs\MiKTeX\tex/latex/pgf/utilities\pgffor.s
ty
(C:\Users\estebe\AppData\Local\Programs\MiKTeX\tex/latex/pgf/utilities\pgfkeys.
sty
(C:\Users\estebe\AppData\Local\Programs\MiKTeX\tex/generic/pgf/utilities\pgfkey
s.code.tex))
(C:\Users\estebe\AppData\Local\Programs\MiKTeX\tex/latex/pgf/math\pgfmath.sty
(C:\Users\estebe\AppData\Local\Programs\MiKTeX\tex/generic/pgf/math\pgfmath.cod
e.tex))
(C:\Users\estebe\AppData\Local\Programs\MiKTeX\tex/generic/pgf/utilities\pgffor
.code.tex
Package: pgffor 2023-01-15 v3.1.10 (3.1.10)
\pgffor@iter=\dimen280
\pgffor@skip=\dimen281
\pgffor@stack=\toks41
\pgffor@toks=\toks42
))
(C:\Users\estebe\AppData\Local\Programs\MiKTeX\tex/generic/pgf/frontendlayer/ti
kz\tikz.code.tex
Package: tikz 2023-01-15 v3.1.10 (3.1.10)

(C:\Users\estebe\AppData\Local\Programs\MiKTeX\tex/generic/pgf/libraries\pgflib
raryplothandlers.code.tex
File: pgflibraryplothandlers.code.tex 2023-01-15 v3.1.10 (3.1.10)
\pgf@plot@mark@count=\count333
\pgfplotmarksize=\dimen282
)
\tikz@lastx=\dimen283
\tikz@lasty=\dimen284
\tikz@lastxsaved=\dimen285
\tikz@lastysaved=\dimen286
\tikz@lastmovetox=\dimen287
\tikz@lastmovetoy=\dimen288
\tikzleveldistance=\dimen289
\tikzsiblingdistance=\dimen290
\tikz@figbox=\box64
\tikz@figbox@bg=\box65
\tikz@tempbox=\box66
\tikz@tempbox@bg=\box67
\tikztreelevel=\count334
\tikznumberofchildren=\count335
\tikznumberofcurrentchild=\count336
\tikz@fig@count=\count337

(C:\Users\estebe\AppData\Local\Programs\MiKTeX\tex/generic/pgf/modules\pgfmodul
ematrix.code.tex
File: pgfmodulematrix.code.tex 2023-01-15 v3.1.10 (3.1.10)
\pgfmatrixcurrentrow=\count338
\pgfmatrixcurrentcolumn=\count339
\pgf@matrix@numberofcolumns=\count340
)
\tikz@expandcount=\count341

(C:\Users\estebe\AppData\Local\Programs\MiKTeX\tex/generic/pgf/frontendlayer/ti
kz/libraries\tikzlibrarytopaths.code.tex
File: tikzlibrarytopaths.code.tex 2023-01-15 v3.1.10 (3.1.10)
)))
(C:\Users\estebe\AppData\Local\Programs\MiKTeX\tex/generic/pgf/frontendlayer/ti
kz/libraries\tikzlibraryarrows.code.tex
File: tikzlibraryarrows.code.tex 2023-01-15 v3.1.10 (3.1.10)

(C:\Users\estebe\AppData\Local\Programs\MiKTeX\tex/generic/pgf/libraries\pgflib
raryarrows.code.tex
File: pgflibraryarrows.code.tex 2023-01-15 v3.1.10 (3.1.10)
\arrowsize=\dimen291
))
(C:\Users\estebe\AppData\Local\Programs\MiKTeX\tex/generic/pgf/frontendlayer/ti
kz/libraries\tikzlibraryshapes.code.tex
File: tikzlibraryshapes.code.tex 2023-01-15 v3.1.10 (3.1.10)

(C:\Users\estebe\AppData\Local\Programs\MiKTeX\tex/generic/pgf/frontendlayer/ti
kz/libraries\tikzlibraryshapes.geometric.code.tex
File: tikzlibraryshapes.geometric.code.tex 2023-01-15 v3.1.10 (3.1.10)

(C:\Users\estebe\AppData\Local\Programs\MiKTeX\tex/generic/pgf/libraries/shapes
\pgflibraryshapes.geometric.code.tex
File: pgflibraryshapes.geometric.code.tex 2023-01-15 v3.1.10 (3.1.10)
))
(C:\Users\estebe\AppData\Local\Programs\MiKTeX\tex/generic/pgf/frontendlayer/ti
kz/libraries\tikzlibraryshapes.misc.code.tex
File: tikzlibraryshapes.misc.code.tex 2023-01-15 v3.1.10 (3.1.10)

(C:\Users\estebe\AppData\Local\Programs\MiKTeX\tex/generic/pgf/libraries/shapes
\pgflibraryshapes.misc.code.tex
File: pgflibraryshapes.misc.code.tex 2023-01-15 v3.1.10 (3.1.10)
))
(C:\Users\estebe\AppData\Local\Programs\MiKTeX\tex/generic/pgf/frontendlayer/ti
kz/libraries\tikzlibraryshapes.symbols.code.tex
File: tikzlibraryshapes.symbols.code.tex 2023-01-15 v3.1.10 (3.1.10)

(C:\Users\estebe\AppData\Local\Programs\MiKTeX\tex/generic/pgf/libraries/shapes
\pgflibraryshapes.symbols.code.tex
File: pgflibraryshapes.symbols.code.tex 2023-01-15 v3.1.10 (3.1.10)
))
(C:\Users\estebe\AppData\Local\Programs\MiKTeX\tex/generic/pgf/frontendlayer/ti
kz/libraries\tikzlibraryshapes.arrows.code.tex
File: tikzlibraryshapes.arrows.code.tex 2023-01-15 v3.1.10 (3.1.10)

(C:\Users\estebe\AppData\Local\Programs\MiKTeX\tex/generic/pgf/libraries/shapes
\pgflibraryshapes.arrows.code.tex
File: pgflibraryshapes.arrows.code.tex 2023-01-15 v3.1.10 (3.1.10)
))
(C:\Users\estebe\AppData\Local\Programs\MiKTeX\tex/generic/pgf/frontendlayer/ti
kz/libraries\tikzlibraryshapes.callouts.code.tex
(C:\Users\estebe\AppData\Local\Programs\MiKTeX\tex/generic/pgf/libraries/shapes
\pgflibraryshapes.callouts.code.tex))
(C:\Users\estebe\AppData\Local\Programs\MiKTeX\tex/generic/pgf/frontendlayer/ti
kz/libraries\tikzlibraryshapes.multipart.code.tex
File: tikzlibraryshapes.multipart.code.tex 2023-01-15 v3.1.10 (3.1.10)

(C:\Users\estebe\AppData\Local\Programs\MiKTeX\tex/generic/pgf/libraries/shapes
\pgflibraryshapes.multipart.code.tex
File: pgflibraryshapes.multipart.code.tex 2023-01-15 v3.1.10 (3.1.10)
\pgfnodepartlowerbox=\box68
\pgfnodeparttwobox=\box69
\pgfnodepartthreebox=\box70
\pgfnodepartfourbox=\box71
\pgfnodeparttwentybox=\box72
\pgfnodepartnineteenbox=\box73
\pgfnodeparteighteenbox=\box74
\pgfnodepartseventeenbox=\box75
\pgfnodepartsixteenbox=\box76
\pgfnodepartfifteenbox=\box77
\pgfnodepartfourteenbox=\box78
\pgfnodepartthirteenbox=\box79
\pgfnodeparttwelvebox=\box80
\pgfnodepartelevenbox=\box81
\pgfnodeparttenbox=\box82
\pgfnodepartninebox=\box83
\pgfnodeparteightbox=\box84
\pgfnodepartsevenbox=\box85
\pgfnodepartsixbox=\box86
\pgfnodepartfivebox=\box87
)))
(C:\Users\estebe\AppData\Local\Programs\MiKTeX\tex/generic/pgf/frontendlayer/ti
kz/libraries\tikzlibrarypositioning.code.tex
File: tikzlibrarypositioning.code.tex 2023-01-15 v3.1.10 (3.1.10)
)
(C:\Users\estebe\AppData\Local\Programs\MiKTeX\tex/latex/hyperref\hyperref.sty
Package: hyperref 2025-07-12 v7.01o Hypertext links for LaTeX

(C:\Users\estebe\AppData\Local\Programs\MiKTeX\tex/latex/kvsetkeys\kvsetkeys.st
y
Package: kvsetkeys 2022-10-05 v1.19 Key value parser (HO)
)
(C:\Users\estebe\AppData\Local\Programs\MiKTeX\tex/generic/kvdefinekeys\kvdefin
ekeys.sty
Package: kvdefinekeys 2019-12-19 v1.6 Define keys (HO)
)
(C:\Users\estebe\AppData\Local\Programs\MiKTeX\tex/generic/pdfescape\pdfescape.
sty
Package: pdfescape 2019/12/09 v1.15 Implements pdfTeX's escape features (HO)

(C:\Users\estebe\AppData\Local\Programs\MiKTeX\tex/generic/ltxcmds\ltxcmds.sty
Package: ltxcmds 2023-12-04 v1.26 LaTeX kernel commands for general use (HO)
)
(C:\Users\estebe\AppData\Local\Programs\MiKTeX\tex/generic/pdftexcmds\pdftexcmd
s.sty
Package: pdftexcmds 2020-06-27 v0.33 Utility functions of pdfTeX for LuaTeX (HO
)

(C:\Users\estebe\AppData\Local\Programs\MiKTeX\tex/generic/infwarerr\infwarerr.
sty
Package: infwarerr 2019/12/03 v1.5 Providing info/warning/error messages (HO)
)
Package pdftexcmds Info: \pdf@primitive is available.
Package pdftexcmds Info: \pdf@ifprimitive is available.
Package pdftexcmds Info: \pdfdraftmode found.
))
(C:\Users\estebe\AppData\Local\Programs\MiKTeX\tex/latex/hycolor\hycolor.sty
Package: hycolor 2020-01-27 v1.10 Color options for hyperref/bookmark (HO)
)
(C:\Users\estebe\AppData\Local\Programs\MiKTeX\tex/latex/hyperref\nameref.sty
Package: nameref 2025-06-21 v2.57 Cross-referencing by name of section

(C:\Users\estebe\AppData\Local\Programs\MiKTeX\tex/latex/refcount\refcount.sty
Package: refcount 2019/12/15 v3.6 Data extraction from label references (HO)
)
(C:\Users\estebe\AppData\Local\Programs\MiKTeX\tex/generic/gettitlestring\getti
tlestring.sty
Package: gettitlestring 2019/12/15 v1.6 Cleanup title references (HO)

(C:\Users\estebe\AppData\Local\Programs\MiKTeX\tex/latex/kvoptions\kvoptions.st
y
Package: kvoptions 2022-06-15 v3.15 Key value format for package options (HO)
))
\c@section@level=\count342
)
(C:\Users\estebe\AppData\Local\Programs\MiKTeX\tex/generic/stringenc\stringenc.
sty
Package: stringenc 2019/11/29 v1.12 Convert strings between diff. encodings (HO
)
)
\@linkdim=\dimen292
\Hy@linkcounter=\count343
\Hy@pagecounter=\count344

(C:\Users\estebe\AppData\Local\Programs\MiKTeX\tex/latex/hyperref\pd1enc.def
File: pd1enc.def 2025-07-12 v7.01o Hyperref: PDFDocEncoding definition (HO)
Now handling font encoding PD1 ...
... no UTF-8 mapping file for font encoding PD1
)
(C:\Users\estebe\AppData\Local\Programs\MiKTeX\tex/generic/intcalc\intcalc.sty
Package: intcalc 2019/12/15 v1.3 Expandable calculations with integers (HO)
)
\Hy@SavedSpaceFactor=\count345
(C:\Users\estebe\AppData\Local\Programs\MiKTeX\tex/latex/hyperref\puenc.def
File: puenc.def 2025-07-12 v7.01o Hyperref: PDF Unicode definition (HO)
Now handling font encoding PU ...
... no UTF-8 mapping file for font encoding PU
)
Package hyperref Info: Option `unicode' set `true' on input line 4066.
Package hyperref Info: Option `psdextra' set `true' on input line 4066.

(C:\Users\estebe\AppData\Local\Programs\MiKTeX\tex/latex/hyperref\psdextra.def
File: psdextra.def 2025-07-12 v7.01o Hyperref: Additions to PDF string support
)
Package hyperref Info: Option `bookmarks' set `false' on input line 4066.
Package hyperref Info: Hyper figures OFF on input line 4195.
Package hyperref Info: Link nesting OFF on input line 4200.
Package hyperref Info: Hyper index ON on input line 4203.
Package hyperref Info: Plain pages OFF on input line 4210.
Package hyperref Info: Backreferencing OFF on input line 4215.
Package hyperref Info: Implicit mode ON; LaTeX internals redefined.
Package hyperref Info: Bookmarks OFF on input line 4468.
\c@Hy@tempcnt=\count346
(C:\Users\estebe\AppData\Local\Programs\MiKTeX\tex/latex/url\url.sty
\Urlmuskip=\muskip18
Package: url 2013/09/16  ver 3.4  Verb mode for urls, etc.
)
LaTeX Info: Redefining \url on input line 4801.
\XeTeXLinkMargin=\dimen293

(C:\Users\estebe\AppData\Local\Programs\MiKTeX\tex/generic/bitset\bitset.sty
Package: bitset 2019/12/09 v1.3 Handle bit-vector datatype (HO)

(C:\Users\estebe\AppData\Local\Programs\MiKTeX\tex/generic/bigintcalc\bigintcal
c.sty
Package: bigintcalc 2019/12/15 v1.5 Expandable calculations on big integers (HO
)
))
\Fld@menulength=\count347
\Field@Width=\dimen294
\Fld@charsize=\dimen295
Package hyperref Info: Hyper figures OFF on input line 6078.
Package hyperref Info: Link nesting OFF on input line 6083.
Package hyperref Info: Hyper index ON on input line 6086.
Package hyperref Info: backreferencing OFF on input line 6093.
Package hyperref Info: Link coloring OFF on input line 6098.
Package hyperref Info: Link coloring with OCG OFF on input line 6103.
Package hyperref Info: PDF/A mode OFF on input line 6108.
\Hy@abspage=\count348
\c@Item=\count349
\c@Hfootnote=\count350
)
Package hyperref Info: Driver (autodetected): hpdftex.

(C:\Users\estebe\AppData\Local\Programs\MiKTeX\tex/latex/hyperref\hpdftex.def
File: hpdftex.def 2025-07-12 v7.01o Hyperref driver for pdfTeX
\Fld@listcount=\count351
\c@bookmark@seq@number=\count352

(C:\Users\estebe\AppData\Local\Programs\MiKTeX\tex/latex/rerunfilecheck\rerunfi
lecheck.sty
Package: rerunfilecheck 2025-06-21 v1.11 Rerun checks for auxiliary files (HO)

(C:\Users\estebe\AppData\Local\Programs\MiKTeX\tex/generic/uniquecounter\unique
counter.sty
Package: uniquecounter 2019/12/15 v1.4 Provide unlimited unique counter (HO)
)
Package uniquecounter Info: New unique counter `rerunfilecheck' on input line 2
84.
)
\Hy@SectionHShift=\skip57
)
Package hyperref Info: Option `colorlinks' set `true' on input line 51.

(C:\Users\estebe\AppData\Local\Programs\MiKTeX\tex/generic/stringenc\se-pdfdoc.
def
File: se-pdfdoc.def 2019/11/29 v1.12 stringenc: PDFDocEncoding
)
(C:\Users\estebe\AppData\Local\Programs\MiKTeX\tex/latex/fancyhdr\fancyhdr.sty
Package: fancyhdr 2025/02/07 v5.2 Extensive control of page headers and footers

\f@nch@headwidth=\skip58
\f@nch@offset@elh=\skip59
\f@nch@offset@erh=\skip60
\f@nch@offset@olh=\skip61
\f@nch@offset@orh=\skip62
\f@nch@offset@elf=\skip63
\f@nch@offset@erf=\skip64
\f@nch@offset@olf=\skip65
\f@nch@offset@orf=\skip66
\f@nch@height=\skip67
\f@nch@footalignment=\skip68
\f@nch@widthL=\skip69
\f@nch@widthC=\skip70
\f@nch@widthR=\skip71
\@temptokenb=\toks43
) (C:\Users\estebe\AppData\Local\Programs\MiKTeX\tex/latex/titlesec\titlesec.st
y
Package: titlesec 2025/01/04 v2.17 Sectioning titles
\ttl@box=\box88
\beforetitleunit=\skip72
\aftertitleunit=\skip73
\ttl@plus=\dimen296
\ttl@minus=\dimen297
\ttl@toksa=\toks44
\titlewidth=\dimen298
\titlewidthlast=\dimen299
\titlewidthfirst=\dimen300
) (C:\Users\estebe\AppData\Local\Programs\MiKTeX\tex/latex/tocloft\tocloft.sty
Package: tocloft 2017/08/31 v2.3i parameterised ToC, etc., typesetting
Package tocloft Info: The document has chapter divisions on input line 51.
\cftparskip=\skip74
\cftbeforetoctitleskip=\skip75
\cftaftertoctitleskip=\skip76
\cftbeforepartskip=\skip77
\cftpartnumwidth=\skip78
\cftpartindent=\skip79
\cftbeforechapskip=\skip80
\cftchapindent=\skip81
\cftchapnumwidth=\skip82
\cftbeforesecskip=\skip83
\cftsecindent=\skip84
\cftsecnumwidth=\skip85
\cftbeforesubsecskip=\skip86
\cftsubsecindent=\skip87
\cftsubsecnumwidth=\skip88
\cftbeforesubsubsecskip=\skip89
\cftsubsubsecindent=\skip90
\cftsubsubsecnumwidth=\skip91
\cftbeforeparaskip=\skip92
\cftparaindent=\skip93
\cftparanumwidth=\skip94
\cftbeforesubparaskip=\skip95
\cftsubparaindent=\skip96
\cftsubparanumwidth=\skip97
\cftbeforeloftitleskip=\skip98
\cftafterloftitleskip=\skip99
\cftbeforefigskip=\skip100
\cftfigindent=\skip101
\cftfignumwidth=\skip102
\c@lofdepth=\count353
\c@lotdepth=\count354
\cftbeforelottitleskip=\skip103
\cftafterlottitleskip=\skip104
\cftbeforetabskip=\skip105
\cfttabindent=\skip106
\cfttabnumwidth=\skip107
) (C:\Users\estebe\AppData\Local\Programs\MiKTeX\tex/latex/tools\longtable.sty
Package: longtable 2024-12-18 v4.23 Multi-page Table package (DPC)
\LTleft=\skip108
\LTright=\skip109
\LTpre=\skip110
\LTpost=\skip111
\LTchunksize=\count355
\LTcapwidth=\dimen301
\LT@head=\box89
\LT@firsthead=\box90
\LT@foot=\box91
\LT@lastfoot=\box92
\LT@gbox=\box93
\LT@cols=\count356
\LT@rows=\count357
\c@LT@tables=\count358
\c@LT@chunks=\count359
\LT@p@ftn=\toks45
)
(C:\Users\estebe\AppData\Local\Programs\MiKTeX\tex/latex/tools\array.sty
Package: array 2025/06/08 v2.6j Tabular extension package (FMi)
\col@sep=\dimen302
\ar@mcellbox=\box94
\extrarowheight=\dimen303
\NC@list=\toks46
\extratabsurround=\skip112
\backup@length=\skip113
\ar@cellbox=\box95
)
(C:\Users\estebe\AppData\Local\Programs\MiKTeX\tex/latex/booktabs\booktabs.sty
Package: booktabs 2020/01/12 v1.61803398 Publication quality tables
\heavyrulewidth=\dimen304
\lightrulewidth=\dimen305
\cmidrulewidth=\dimen306
\belowrulesep=\dimen307
\belowbottomsep=\dimen308
\aboverulesep=\dimen309
\abovetopsep=\dimen310
\cmidrulesep=\dimen311
\cmidrulekern=\dimen312
\defaultaddspace=\dimen313
\@cmidla=\count360
\@cmidlb=\count361
\@aboverulesep=\dimen314
\@belowrulesep=\dimen315
\@thisruleclass=\count362
\@lastruleclass=\count363
\@thisrulewidth=\dimen316
) (C:\Users\estebe\AppData\Local\Programs\MiKTeX\tex/latex/colortbl\colortbl.st
y
Package: colortbl 2024/10/29 v1.0k Color table columns (DPC)
\everycr=\toks47
\minrowclearance=\skip114
\rownum=\count364
)
(C:\Users\estebe\AppData\Local\Programs\MiKTeX\tex/latex/multirow\multirow.sty
Package: multirow 2024/11/12 v2.9 Span multiple rows of a table
\multirow@colwidth=\skip115
\multirow@cntb=\count365
\multirow@dima=\skip116
\bigstrutjot=\dimen317
) (C:\Users\estebe\AppData\Local\Programs\MiKTeX\tex/latex/enumitem\enumitem.st
y
Package: enumitem 2025/02/06 v3.11 Customized lists
\labelindent=\skip117
\enit@outerparindent=\dimen318
\enit@toks=\toks48
\enit@inbox=\box96
\enit@count@id=\count366
\enitdp@description=\count367
)
(C:\Users\estebe\AppData\Local\Programs\MiKTeX\tex/latex/pdflscape\pdflscape.st
y
Package: pdflscape 2022-10-27 v0.13 Display of landscape pages in PDF

(C:\Users\estebe\AppData\Local\Programs\MiKTeX\tex/latex/pdflscape\pdflscape-no
metadata.sty
Package: pdflscape-nometadata 2022-10-28 v0.13 Display of landscape pages in PD
F (HO)

(C:\Users\estebe\AppData\Local\Programs\MiKTeX\tex/latex/graphics\lscape.sty
Package: lscape 2020/05/28 v3.02 Landscape Pages (DPC)
)
Package pdflscape Info: Auto-detected driver: pdftex on input line 81.
)) (C:\Users\estebe\AppData\Local\Programs\MiKTeX\tex/latex/float\float.sty
Package: float 2001/11/08 v1.3d Float enhancements (AL)
\c@float@type=\count368
\float@exts=\toks49
\float@box=\box97
\@float@everytoks=\toks50
\@floatcapt=\box98
)
(C:\Users\estebe\AppData\Local\Programs\MiKTeX\tex/latex/biblatex\biblatex.sty
Package: biblatex 2025/07/10 v3.21 programmable bibliographies (PK/MW)

(C:\Users\estebe\AppData\Local\Programs\MiKTeX\tex/latex/logreq\logreq.sty
Package: logreq 2010/08/04 v1.0 xml request logger
\lrq@indent=\count369

(C:\Users\estebe\AppData\Local\Programs\MiKTeX\tex/latex/logreq\logreq.def
File: logreq.def 2010/08/04 v1.0 logreq spec v1.0
))
\c@tabx@nest=\count370
\c@listtotal=\count371
\c@listcount=\count372
\c@liststart=\count373
\c@liststop=\count374
\c@citecount=\count375
\c@citetotal=\count376
\c@multicitecount=\count377
\c@multicitetotal=\count378
\c@instcount=\count379
\c@maxnames=\count380
\c@minnames=\count381
\c@maxitems=\count382
\c@minitems=\count383
\c@citecounter=\count384
\c@maxcitecounter=\count385
\c@savedcitecounter=\count386
\c@uniquelist=\count387
\c@uniquename=\count388
\c@refsection=\count389
\c@refsegment=\count390
\c@maxextratitle=\count391
\c@maxextratitleyear=\count392
\c@maxextraname=\count393
\c@maxextradate=\count394
\c@maxextraalpha=\count395
\c@abbrvpenalty=\count396
\c@highnamepenalty=\count397
\c@lownamepenalty=\count398
\c@maxparens=\count399
\c@parenlevel=\count400
\blx@tempcnta=\count401
\blx@tempcntb=\count402
\blx@tempcntc=\count403
\c@blx@maxsection=\count404
\blx@maxsegment@0=\count405
\blx@notetype=\count406
\blx@parenlevel@text=\count407
\blx@parenlevel@foot=\count408
\blx@sectionciteorder@0=\count409
\blx@sectionciteorderinternal@0=\count410
\blx@entrysetcounter=\count411
\blx@biblioinstance=\count412
\labelnumberwidth=\skip118
\labelalphawidth=\skip119
\biblabelsep=\skip120
\bibitemsep=\skip121
\bibnamesep=\skip122
\bibinitsep=\skip123
\bibparsep=\skip124
\bibhang=\skip125
\blx@bcfin=\read4
\blx@bcfout=\write4
\blx@langwohyphens=\language80
\c@mincomprange=\count413
\c@maxcomprange=\count414
\c@mincompwidth=\count415
Package biblatex Info: Trying to load biblatex default data model...
Package biblatex Info: ... file 'blx-dm.def' found.

(C:\Users\estebe\AppData\Local\Programs\MiKTeX\tex/latex/biblatex\blx-dm.def
File: blx-dm.def 2025/07/10 v3.21 biblatex datamodel (PK/MW)
)
Package biblatex Info: Trying to load biblatex style data model...
Package biblatex Info: ... file 'apa.dbx' found.

(C:\Users\estebe\AppData\Local\Programs\MiKTeX\tex/latex/biblatex-apa\apa.dbx
File: apa.dbx 2025/08/27 v9.20 APA biblatex style data model
)
Package biblatex Info: Trying to load biblatex custom data model...
Package biblatex Info: ... file 'biblatex-dm.cfg' not found.
\c@afterword=\count416
\c@savedafterword=\count417
\c@annotator=\count418
\c@savedannotator=\count419
\c@author=\count420
\c@savedauthor=\count421
\c@bookauthor=\count422
\c@savedbookauthor=\count423
\c@commentator=\count424
\c@savedcommentator=\count425
\c@editor=\count426
\c@savededitor=\count427
\c@editora=\count428
\c@savededitora=\count429
\c@editorb=\count430
\c@savededitorb=\count431
\c@editorc=\count432
\c@savededitorc=\count433
\c@foreword=\count434
\c@savedforeword=\count435
\c@holder=\count436
\c@savedholder=\count437
\c@introduction=\count438
\c@savedintroduction=\count439
\c@namea=\count440
\c@savednamea=\count441
\c@nameb=\count442
\c@savednameb=\count443
\c@namec=\count444
\c@savednamec=\count445
\c@translator=\count446
\c@savedtranslator=\count447
\c@shortauthor=\count448
\c@savedshortauthor=\count449
\c@shorteditor=\count450
\c@savedshorteditor=\count451
\c@narrator=\count452
\c@savednarrator=\count453
\c@execproducer=\count454
\c@savedexecproducer=\count455
\c@execdirector=\count456
\c@savedexecdirector=\count457
\c@with=\count458
\c@savedwith=\count459
\c@labelname=\count460
\c@savedlabelname=\count461
\c@institution=\count462
\c@savedinstitution=\count463
\c@lista=\count464
\c@savedlista=\count465
\c@listb=\count466
\c@savedlistb=\count467
\c@listc=\count468
\c@savedlistc=\count469
\c@listd=\count470
\c@savedlistd=\count471
\c@liste=\count472
\c@savedliste=\count473
\c@listf=\count474
\c@savedlistf=\count475
\c@location=\count476
\c@savedlocation=\count477
\c@organization=\count478
\c@savedorganization=\count479
\c@origlocation=\count480
\c@savedoriglocation=\count481
\c@origpublisher=\count482
\c@savedorigpublisher=\count483
\c@publisher=\count484
\c@savedpublisher=\count485
\c@language=\count486
\c@savedlanguage=\count487
\c@origlanguage=\count488
\c@savedoriglanguage=\count489
\c@citation=\count490
\c@savedcitation=\count491
\c@pageref=\count492
\c@savedpageref=\count493
\shorthandwidth=\skip126
\shortjournalwidth=\skip127
\shortserieswidth=\skip128
\shorttitlewidth=\skip129
\shortauthorwidth=\skip130
\shorteditorwidth=\skip131
\locallabelnumberwidth=\skip132
\locallabelalphawidth=\skip133
\localshorthandwidth=\skip134
\localshortjournalwidth=\skip135
\localshortserieswidth=\skip136
\localshorttitlewidth=\skip137
\localshortauthorwidth=\skip138
\localshorteditorwidth=\skip139
Package biblatex Info: Trying to load compatibility code...
Package biblatex Info: ... file 'blx-compat.def' found.

(C:\Users\estebe\AppData\Local\Programs\MiKTeX\tex/latex/biblatex\blx-compat.de
f
File: blx-compat.def 2025/07/10 v3.21 biblatex compatibility (PK/MW)
)
Package biblatex Info: Trying to load generic definitions...
Package biblatex Info: ... file 'biblatex.def' found.

(C:\Users\estebe\AppData\Local\Programs\MiKTeX\tex/latex/biblatex\biblatex.def
File: biblatex.def 2025/07/10 v3.21 biblatex compatibility (PK/MW)
\c@textcitecount=\count494
\c@textcitetotal=\count495
\c@textcitemaxnames=\count496
\c@biburlbigbreakpenalty=\count497
\c@biburlbreakpenalty=\count498
\c@biburlnumpenalty=\count499
\c@biburlucpenalty=\count500
\c@biburllcpenalty=\count501
\biburlbigskip=\muskip19
\biburlnumskip=\muskip20
\biburlucskip=\muskip21
\biburllcskip=\muskip22
\c@smartand=\count502
)
Package biblatex Info: Trying to load bibliography style 'apa'...
Package biblatex Info: ... file 'apa.bbx' found.
(C:\Users\estebe\AppData\Local\Programs\MiKTeX\tex/latex/biblatex-apa\apa.bbx
File: apa.bbx 2025/08/27 v9.20 APA biblatex references style
Package biblatex Info: Trying to load bibliography style 'standard'...
Package biblatex Info: ... file 'standard.bbx' found.

(C:\Users\estebe\AppData\Local\Programs\MiKTeX\tex/latex/biblatex/bbx\standard.
bbx
File: standard.bbx 2025/07/10 v3.21 biblatex bibliography style (PK/MW)
\c@bbx:relatedcount=\count503
\c@bbx:relatedtotal=\count504
)
Package biblatex Info: Delimiter 'nameyeardelim' in context 'bib' already defin
ed, overwriting.
Package biblatex Info: Delimiter 'nameyeardelim' in context 'biblist' already d
efined, overwriting.
Package biblatex Info: Delimiter 'nonameyeardelim' in context 'bib' already def
ined, overwriting.
Package biblatex Info: Delimiter 'nonameyeardelim' in context 'biblist' already
 defined, overwriting.
)
Package biblatex Info: Trying to load citation style 'apa'...
Package biblatex Info: ... file 'apa.cbx' found.

(C:\Users\estebe\AppData\Local\Programs\MiKTeX\tex/latex/biblatex-apa\apa.cbx
File: apa.cbx 2025/08/27 v9.20 APA biblatex citation style
Package biblatex Info: Delimiter 'nameyeardelim' in context '' already defined,
 overwriting.
Package biblatex Info: Delimiter 'andothersdelim' in context '' already defined
, overwriting.
Package biblatex Info: Redefining '\fullcite'.
Package biblatex Info: Redefining '\citeauthor'.
Package biblatex Info: Redefining '\citeyear'.
Package biblatex Info: Redefining '\cite'.
Package biblatex Info: Redefining '\cites'.
Package biblatex Info: Redefining '\parencite'.
Package biblatex Info: Redefining '\parencites'.
Package biblatex Info: Redefining '\footcite'.
Package biblatex Info: Redefining '\footcites'.
Package biblatex Info: Redefining '\footcitetext'.
Package biblatex Info: Redefining '\footcitetexts'.
Package biblatex Info: Redefining '\smartcite'.
Package biblatex Info: Redefining '\smartcites'.
Package biblatex Info: Redefining '\textcite'.
Package biblatex Info: Redefining '\textcites'.
)
Package biblatex Info: Trying to load configuration file...
Package biblatex Info: ... file 'biblatex.cfg' found.

(C:\Users\estebe\AppData\Local\Programs\MiKTeX\tex/latex/biblatex\biblatex.cfg
File: biblatex.cfg 
)
Package biblatex Info: Input encoding 'utf8' detected.
Package biblatex Info: Document encoding is UTF8 ....
(C:\Users\estebe\AppData\Local\Programs\MiKTeX\tex/latex/l3kernel\expl3.sty
Package: expl3 2025-07-11 L3 programming layer (loader) 

(C:\Users\estebe\AppData\Local\Programs\MiKTeX\tex/latex/l3backend\l3backend-pd
ftex.def
File: l3backend-pdftex.def 2025-06-09 L3 backend support: PDF output (pdfTeX)
\l__color_backend_stack_int=\count505
))
Package biblatex Info: ... and expl3
(biblatex)             2025-07-11 L3 programming layer (loader) 
(biblatex)             is new enough (at least 2020/04/06),
(biblatex)             setting 'casechanger=expl3'.

(C:\Users\estebe\AppData\Local\Programs\MiKTeX\tex/latex/biblatex\blx-case-expl
3.sty
(C:\Users\estebe\AppData\Local\Programs\MiKTeX\tex/latex/l3packages/xparse\xpar
se.sty
Package: xparse 2024-08-16 L3 Experimental document command parser
)
Package: blx-case-expl3 2025/07/10 v3.21 expl3 case changing code for biblatex
))
(C:\Users\estebe\AppData\Local\Programs\MiKTeX\tex/latex/tcolorbox\tcolorbox.st
y
Package: tcolorbox 2025/07/08 version 6.7.1 text color boxes
 (C:\Users\estebe\AppData\Local\Programs\MiKTeX\tex/latex/tools\verbatim.sty
Package: verbatim 2024-01-22 v1.5x LaTeX2e package for verbatim enhancements
\every@verbatim=\toks51
\verbatim@line=\toks52
\verbatim@in@stream=\read5
)
(C:\Users\estebe\AppData\Local\Programs\MiKTeX\tex/latex/environ\environ.sty
Package: environ 2014/05/04 v0.3 A new way to define environments

(C:\Users\estebe\AppData\Local\Programs\MiKTeX\tex/latex/trimspaces\trimspaces.
sty
Package: trimspaces 2009/09/17 v1.1 Trim spaces around a token list
))
\tcb@titlebox=\box99
\tcb@upperbox=\box100
\tcb@lowerbox=\box101
\tcb@phantombox=\box102
\c@tcbbreakpart=\count506
\c@tcblayer=\count507
\c@tcolorbox@number=\count508
\l__tcobox_tmpa_box=\box103
\l__tcobox_tmpa_dim=\dimen319
\tcb@temp=\box104
\tcb@temp=\box105
\tcb@temp=\box106
\tcb@temp=\box107
)
(C:\Users\estebe\AppData\Local\Programs\MiKTeX\tex/latex/base\makeidx.sty
Package: makeidx 2021/10/04 v1.0m Standard LaTeX package
)
\@indexfile=\write5
\openout5 = `main.idx'.


Writing index file main.idx
(C:\Users\estebe\AppData\Local\Programs\MiKTeX\tex/latex/setspace\setspace.sty
Package: setspace 2022/12/04 v6.7b set line spacing
)
Package french3.ldf Info: Setting StandardItemizeEnv=true for
(french3.ldf)             compatibility with enumitem package,
(french3.ldf)             reported on input line 115.
Package french3.ldf Info: Setting StandardEnumerateEnv=true for
(french3.ldf)             compatibility with enumitem package,
(french3.ldf)             reported on input line 115.
Package csquotes Info: Checking for multilingual support...
Package csquotes Info: ... found 'babel' package.
Package csquotes Info: Adjusting default style.
Package csquotes Info: Redefining alias 'default' -> 'french'.
LaTeX Font Info:    Trying to load font information for T1+ptm on input line 11
5.
(C:\Users\estebe\AppData\Local\Programs\MiKTeX\tex/latex/psnfss\t1ptm.fd
File: t1ptm.fd 2001/06/04 font definitions for T1/ptm.
)
(main.aux
Package babel Info: 'french' activates 'french' shorthands.
(babel)             Reported  on input line 12.
 (partie1/p1_chap1_introduction.aux)
(partie1/p1_chap2_description_parcours.aux)
(partie1/p1_chap3_formation_initiale.aux)
(partie1/p1_chap4_formation_continue.aux)
(partie1/p1_chap5_parcours_detaille.aux)
(partie1/p1_chap6_autres_experiences.aux) (partie1/p1_chap7_bilan.aux)
(partie2/p2_chap1_introduction.aux) (partie2/p2_chap2_experience_sql.aux)
(partie2/p2_chap3_experience_jeux.aux)
(partie2/p2_chap4_experience_evaluation.aux) (partie2/p2_chap5_conclusion.aux)
(partie3/p3_chap1_introduction.aux) (partie3/p3_chap2_analyse_competences.aux)
(partie3/p3_chap3_experiences_exceptionnelles.aux)
(partie3/p3_chap4_synthese_correspondance.aux)
(partie3/p3_chap5_projet_professionnel.aux)
(annexes/pedagogiques/p4_chap1_pedagogiques.aux)
(annexes/administratives/p4_chap2_administratives.aux))
\openout1 = `main.aux'.

LaTeX Font Info:    Checking defaults for OML/cmm/m/it on input line 115.
LaTeX Font Info:    ... okay on input line 115.
LaTeX Font Info:    Checking defaults for OMS/cmsy/m/n on input line 115.
LaTeX Font Info:    ... okay on input line 115.
LaTeX Font Info:    Checking defaults for OT1/cmr/m/n on input line 115.
LaTeX Font Info:    ... okay on input line 115.
LaTeX Font Info:    Checking defaults for T1/cmr/m/n on input line 115.
LaTeX Font Info:    ... okay on input line 115.
LaTeX Font Info:    Checking defaults for TS1/cmr/m/n on input line 115.
LaTeX Font Info:    ... okay on input line 115.
LaTeX Font Info:    Checking defaults for OMX/cmex/m/n on input line 115.
LaTeX Font Info:    ... okay on input line 115.
LaTeX Font Info:    Checking defaults for U/cmr/m/n on input line 115.
LaTeX Font Info:    ... okay on input line 115.
LaTeX Font Info:    Checking defaults for PD1/pdf/m/n on input line 115.
LaTeX Font Info:    ... okay on input line 115.
LaTeX Font Info:    Checking defaults for PU/pdf/m/n on input line 115.
LaTeX Font Info:    ... okay on input line 115.
LaTeX Info: Redefining \degres on input line 115.

*geometry* driver: auto-detecting
*geometry* detected driver: pdftex
*geometry* verbose mode - [ preamble ] result:
* driver: pdftex
* paper: a4paper
* layout: <same size as paper>
* layoutoffset:(h,v)=(0.0pt,0.0pt)
* modes: 
* h-part:(L,W,R)=(71.13188pt, 455.24411pt, 71.13188pt)
* v-part:(T,H,B)=(71.13188pt, 702.78308pt, 71.13188pt)
* \paperwidth=597.50787pt
* \paperheight=845.04684pt
* \textwidth=455.24411pt
* \textheight=702.78308pt
* \oddsidemargin=-1.1381pt
* \evensidemargin=-1.1381pt
* \topmargin=-38.1381pt
* \headheight=14.5pt
* \headsep=25.0pt
* \topskip=12.0pt
* \footskip=30.0pt
* \marginparwidth=35.0pt
* \marginparsep=10.0pt
* \columnsep=10.0pt
* \skip\footins=10.8pt plus 4.0pt minus 2.0pt
* \hoffset=0.0pt
* \voffset=0.0pt
* \mag=1000
* \@twocolumnfalse
* \@twosidefalse
* \@mparswitchfalse
* \@reversemarginfalse
* (1in=72.27pt=25.4mm, 1cm=28.453pt)


(C:\Users\estebe\AppData\Local\Programs\MiKTeX\tex/context/base/mkii\supp-pdf.m
kii
[Loading MPS to PDF converter (version 2006.09.02).]
\scratchcounter=\count509
\scratchdimen=\dimen320
\scratchbox=\box108
\nofMPsegments=\count510
\nofMParguments=\count511
\everyMPshowfont=\toks53
\MPscratchCnt=\count512
\MPscratchDim=\dimen321
\MPnumerator=\count513
\makeMPintoPDFobject=\count514
\everyMPtoPDFconversion=\toks54
)
(C:\Users\estebe\AppData\Local\Programs\MiKTeX\tex/latex/epstopdf-pkg\epstopdf-
base.sty
Package: epstopdf-base 2020-01-24 v2.11 Base part for package epstopdf
Package epstopdf-base Info: Redefining graphics rule for `.eps' on input line 4
85.

(C:\Users\estebe\AppData\Local\Programs\MiKTeX\tex/latex/00miktex\epstopdf-sys.
cfg
File: epstopdf-sys.cfg 2021/03/18 v2.0 Configuration of epstopdf for MiKTeX
))
Package hyperref Info: Link coloring ON on input line 115.
Package biblatex Info: Trying to load language 'french' -> 'french-apa'...
Package biblatex Info: ... file 'french-apa.lbx' found.

(C:\Users\estebe\AppData\Local\Programs\MiKTeX\tex/latex/biblatex-apa\french-ap
a.lbx
File: french-apa.lbx 2025/08/27 v9.20 APA biblatex localisation
Package biblatex Info: Trying to load language 'french'...
Package biblatex Info: ... file 'french.lbx' found.

(C:\Users\estebe\AppData\Local\Programs\MiKTeX\tex/latex/biblatex/lbx\french.lb
x
File: french.lbx 2025/07/10 v3.21 biblatex localization (PK/MW)
)
Package biblatex Info: Trying to load language 'french'...
Package biblatex Info: ... file 'french.lbx' found.

(C:\Users\estebe\AppData\Local\Programs\MiKTeX\tex/latex/biblatex/lbx\french.lb
x
File: french.lbx 2025/07/10 v3.21 biblatex localization (PK/MW)
))
Package biblatex Info: Input encoding 'utf8' detected.
Package biblatex Info: Automatic encoding selection.
(biblatex)             Assuming data encoding 'utf8'.
\openout4 = `main.bcf'.

Package biblatex Info: Trying to load bibliographic data...
Package biblatex Info: ... file 'main.bbl' found.
 (main.bbl)
Package biblatex Info: Reference section=0 on input line 115.
Package biblatex Info: Reference segment=0 on input line 115.
<sources/medias/logo1.png, id=6, 259.2084pt x 146.2263pt>
File: sources/medias/logo1.png Graphic file (type png)
<use sources/medias/logo1.png>
Package pdftex.def Info: sources/medias/logo1.png  used on input line 126.
(pdftex.def)             Requested size: 151.3179pt x 85.35826pt.
<sources/medias/logo2.png, id=8, 366.168pt x 74.9199pt>
File: sources/medias/logo2.png Graphic file (type png)
<use sources/medias/logo2.png>
Package pdftex.def Info: sources/medias/logo2.png  used on input line 150.
(pdftex.def)             Requested size: 417.21236pt x 85.35826pt.


[1

{C:/Users/estebe/AppData/Local/MiKTeX/fonts/map/pdftex/pdftex.map}{C:/Users/est
ebe/AppData/Local/Programs/MiKTeX/fonts/enc/dvips/base/8r.enc} <./sources/media
s/logo1.png> <./sources/medias/logo2.png>] (main.toc
LaTeX Font Info:    Trying to load font information for OT1+ztmcm on input line
 2.

(C:\Users\estebe\AppData\Local\Programs\MiKTeX\tex/latex/psnfss\ot1ztmcm.fd
File: ot1ztmcm.fd 2000/01/03 Fontinst v1.801 font definitions for OT1/ztmcm.
)
LaTeX Font Info:    Trying to load font information for OML+ztmcm on input line
 2.

(C:\Users\estebe\AppData\Local\Programs\MiKTeX\tex/latex/psnfss\omlztmcm.fd
File: omlztmcm.fd 2000/01/03 Fontinst v1.801 font definitions for OML/ztmcm.
)
LaTeX Font Info:    Trying to load font information for OMS+ztmcm on input line
 2.

(C:\Users\estebe\AppData\Local\Programs\MiKTeX\tex/latex/psnfss\omsztmcm.fd
File: omsztmcm.fd 2000/01/03 Fontinst v1.801 font definitions for OMS/ztmcm.
)
LaTeX Font Info:    Trying to load font information for OMX+ztmcm on input line
 2.

(C:\Users\estebe\AppData\Local\Programs\MiKTeX\tex/latex/psnfss\omxztmcm.fd
File: omxztmcm.fd 2000/01/03 Fontinst v1.801 font definitions for OMX/ztmcm.
)
LaTeX Font Info:    Trying to load font information for OT1+ptm on input line 2
.

(C:\Users\estebe\AppData\Local\Programs\MiKTeX\tex/latex/psnfss\ot1ptm.fd
File: ot1ptm.fd 2001/06/04 font definitions for OT1/ptm.
)
LaTeX Font Info:    Font shape `OT1/ptm/bx/n' in size <12> not available
(Font)              Font shape `OT1/ptm/b/n' tried instead on input line 2.
LaTeX Font Info:    Font shape `OT1/ptm/bx/n' in size <9> not available
(Font)              Font shape `OT1/ptm/b/n' tried instead on input line 2.
LaTeX Font Info:    Font shape `OT1/ptm/bx/n' in size <7> not available
(Font)              Font shape `OT1/ptm/b/n' tried instead on input line 2.
LaTeX Font Info:    Font shape `OT1/ptm/bx/n' in size <14.4> not available
(Font)              Font shape `OT1/ptm/b/n' tried instead on input line 8.
LaTeX Font Info:    Font shape `OT1/ptm/bx/n' in size <10.95> not available
(Font)              Font shape `OT1/ptm/b/n' tried instead on input line 8.
LaTeX Font Info:    Font shape `OT1/ptm/bx/n' in size <8> not available
(Font)              Font shape `OT1/ptm/b/n' tried instead on input line 8.



pdfTeX warning (ext4): destination with the same identifier (name{page.i}) has 
been already used, duplicate ignored
<to be read again> 
                   \relax 
l.40 ... formations qualifiantes}{13}{section.4.2}
                                                  % [1]
Overfull \hbox (4.17072pt too wide) in paragraph at lines 58--58
 [][] [][][]\T1/ptm/m/n/12 Enseignant PRCE (2025-Présent) et Di-rec-teur Ad-joi
nt au Nu-mé-rique (Sep-tembre 
 []



[2]

[3])
\tf@toc=\write6
\openout6 = `main.toc'.



[4]
<sources/medias/photo.png, id=246, 311.66437pt x 325.215pt>
File: sources/medias/photo.png Graphic file (type png)
<use sources/medias/photo.png>
Package pdftex.def Info: sources/medias/photo.png  used on input line 182.
(pdftex.def)             Requested size: 95.38724pt x 99.53531pt.

Underfull \hbox (badness 10000) in paragraph at lines 189--194

 []



[5

 <./sources/medias/photo.png>]

[6

]
Overfull \hbox (5.92682pt too wide) in paragraph at lines 236--236
|\T1/ptm/b/n/24.88 Autorisation de mise en consul-ta-tion du dos-
 []



[7

]
Underfull \hbox (badness 10000) in paragraph at lines 297--298
\T1/ptm/m/it/10.95 Mettre en ÷uvre les
 []


Underfull \hbox (badness 10000) in paragraph at lines 297--298
\T1/ptm/m/it/10.95 usages avan-cés et
 []


Underfull \hbox (badness 10000) in paragraph at lines 297--298
\T1/ptm/m/it/10.95 spé-cia-li-sés des ou-tils
 []

LaTeX Font Info:    Trying to load font information for TS1+ptm on input line 2
99.
(C:\Users\estebe\AppData\Local\Programs\MiKTeX\tex/latex/psnfss\ts1ptm.fd
File: ts1ptm.fd 2001/06/04 font definitions for TS1/ptm.
)
Underfull \hbox (badness 10000) in paragraph at lines 312--313
\T1/ptm/m/it/10.95 Mettre en ÷uvre une
 []


Underfull \hbox (badness 4492) in paragraph at lines 312--313
\T1/ptm/m/it/10.95 com-mu-ni-ca-tion spé-cia-li-
 []


Underfull \hbox (badness 4416) in paragraph at lines 336--337
\T1/ptm/m/it/10.95 Situer ses in-ter-ven-tions
 []


Underfull \hbox (badness 1033) in paragraph at lines 336--337
\T1/ptm/m/it/10.95 fes-sion-nel, co-opé-rer, co-
 []


Underfull \hbox (badness 1168) in paragraph at lines 343--344
\T1/ptm/m/it/10.95 Produire et dif-fu-ser des
 []


Underfull \hbox (badness 2165) in paragraph at lines 343--344
\T1/ptm/m/it/10.95 nus de for-ma-tion in-no-
 []


Underfull \hbox (badness 7362) in paragraph at lines 351--352
\T1/ptm/m/it/10.95 ta-ger une ana-lyse ré-
 []

[8

] [9]

[10]

[11

]

[12

]

[13]

[14]

[15]
<sources/medias/p1-moy.png, id=298, 713.66624pt x 713.66624pt>
File: sources/medias/p1-moy.png Graphic file (type png)
<use sources/medias/p1-moy.png>
Package pdftex.def Info: sources/medias/p1-moy.png  used on input line 578.
(pdftex.def)             Requested size: 364.19667pt x 364.19365pt.


[1


 <./sources/medias/p1-moy.png (PNG copy)>]
\openout2 = `partie1/p1_chap1_introduction.aux'.

 (partie1/p1_chap1_introduction.tex
Chapitre 1.


[2


]

[3])

[4]
\openout2 = `partie1/p1_chap2_description_parcours.aux'.

 (partie1/p1_chap2_description_parcours.tex
Chapitre 2.

Overfull \hbox (4.45125pt too wide) in paragraph at lines 7--8
\T1/ptm/m/n/12 bo-ra-teurs et com-mu-ni-ca-tion avec des pu-blics va-riés. Ces 
com-pé-tences trans-ver-sales ([][]\T1/ptm/m/sc/12 Empowill[]\T1/ptm/m/n/12 ,
 []

<sources/medias/parcours.png, id=343, 1090.0725pt x 607.26875pt>
File: sources/medias/parcours.png Graphic file (type png)
<use sources/medias/parcours.png>
Package pdftex.def Info: sources/medias/parcours.png  used on input line 12.
(pdftex.def)             Requested size: 455.24411pt x 253.6056pt.


[5




]

[6 <./sources/medias/parcours.png (PNG copy)>]
Overfull \hbox (4.33954pt too wide) in paragraph at lines 34--35
\T1/ptm/m/n/12 pro-gres-sive des com-pé-tences pé-da-go-giques confor-mé-ment a
ux pro-grammes of-fi-ciels ([][]\T1/ptm/m/sc/12 Éduscol[]\T1/ptm/m/n/12 ,
 []



[7])

[8]
\openout2 = `partie1/p1_chap3_formation_initiale.aux'.

 (partie1/p1_chap3_formation_initiale.tex
Chapitre 3.


[9




]

[10]

[11])

[12]
\openout2 = `partie1/p1_chap4_formation_continue.aux'.

 (partie1/p1_chap4_formation_continue.tex
Chapitre 4.
<sources/medias/41.png, id=408, 1090.0725pt x 607.26875pt>
File: sources/medias/41.png Graphic file (type png)
<use sources/medias/41.png>
Package pdftex.def Info: sources/medias/41.png  used on input line 8.
(pdftex.def)             Requested size: 455.24411pt x 253.6056pt.


[13




 <./sources/medias/41.png (PNG copy)>]
LaTeX Font Info:    Font shape `OT1/ptm/bx/n' in size <6> not available
(Font)              Font shape `OT1/ptm/b/n' tried instead on input line 36.
LaTeX Font Info:    Font shape `OT1/ptm/bx/n' in size <5> not available
(Font)              Font shape `OT1/ptm/b/n' tried instead on input line 36.

Underfull \hbox (badness 10000) in paragraph at lines 40--40
[]|\T1/ptm/m/n/6 Évaluation au ser-vice de
 []


Underfull \hbox (badness 1577) in paragraph at lines 40--40
[]|\T1/ptm/m/n/6 Évaluation for-ma-tive, dif-fé-
 []


Underfull \hbox (badness 10000) in paragraph at lines 40--40
[]|\T1/ptm/m/n/6 Modernisation pra-tiques
 []


Underfull \hbox (badness 3179) in paragraph at lines 40--40
\T1/ptm/m/n/6 éva-lua-tives, ap-proche bien-
 []


Underfull \hbox (badness 10000) in paragraph at lines 40--41
[]|\T1/ptm/m/n/6 Analyser ac-ti-vité en-sei-
 []


Underfull \hbox (badness 10000) in paragraph at lines 42--42
[]|\T1/ptm/m/n/6 Paradigmes fonc-tion-nels,
 []


Underfull \hbox (badness 10000) in paragraph at lines 42--42
\T1/ptm/m/n/6 Lisp/Scheme, ap-pli-ca-tions
 []


Underfull \hbox (badness 10000) in paragraph at lines 42--42
[]|\T1/ptm/m/n/6 Actualisation dis-ci-pli-naire,
 []


Underfull \hbox (badness 10000) in paragraph at lines 44--44
[]|\T1/ptm/m/n/6 Programmation dy-na-mique
 []


Underfull \hbox (badness 10000) in paragraph at lines 44--44
[]|\T1/ptm/m/n/6 Algorithmes op-ti-mi-sa-tion,
 []


Underfull \hbox (badness 5403) in paragraph at lines 46--46
\T1/ptm/m/n/6 ré-so-lu-tion pro-blèmes com-
 []


Underfull \hbox (badness 10000) in paragraph at lines 46--47
[]|\T1/ptm/m/n/6 Algorithmique, Struc-tures
 []


Underfull \hbox (badness 3354) in paragraph at lines 48--48
[]|\T1/ptm/m/n/6 Data science, vi-sua-li-sa-tion,
 []


Underfull \hbox (badness 3068) in paragraph at lines 50--50
[]|\T1/ptm/m/n/6 Gestion classe, pro-gres-sion
 []


Underfull \hbox (badness 10000) in paragraph at lines 50--50
[]|\T1/ptm/m/n/6 Consolidation pra-tiques,
 []


Underfull \hbox (badness 10000) in paragraph at lines 54--54
[]|\T1/ptm/m/n/6 Compétences nu-mé-riques,
 []


Underfull \hbox (badness 1005) in paragraph at lines 56--56
[]|\T1/ptm/m/n/6 Approche in-clu-sive, adap-ta-
 []


Underfull \hbox (badness 1348) in paragraph at lines 58--58
[]|\T1/ptm/m/n/6 Actualisation connais-sances,
 []


Underfull \hbox (badness 10000) in paragraph at lines 62--62
[]|\T1/ptm/m/n/6 SNT Mi-cro :bit ob-jets
 []


Underfull \hbox (badness 10000) in paragraph at lines 62--62
[]|\T1/ptm/m/n/6 Programmation em-bar-quée,
 []


Underfull \hbox (badness 5756) in paragraph at lines 64--64
[]|\T1/ptm/m/n/6 Compétences re-la-tion-nelles,
 []



[14]

[15]
Overfull \hbox (7.67252pt too wide) in paragraph at lines 103--104
[]\T1/ptm/b/n/12 Développement pé-da-go-gique \T1/ptm/m/n/12 : Amé-lio-ra-tion 
conti-nue des pra-tiques d'en-sei-gne-ment et d'éva-
 []

)

[16]
\openout2 = `partie1/p1_chap5_parcours_detaille.aux'.

 (partie1/p1_chap5_parcours_detaille.tex
Chapitre 5.

Overfull \hbox (1.41078pt too wide) in paragraph at lines 11--11
|[]\T1/ptm/b/n/17.28 Team Lea-der chez TO-TAL/Stéria puis So-praS-té-ria (2007-

 []



[17




]
Overfull \hbox (7.90381pt too wide) in paragraph at lines 45--46
\T1/ptm/m/n/12 2020, af-fec-ta-tion ly-cée gé-né-ral et tech-no-lo-gique, class
es de Se-conde (SNT) et Pre-mière/Terminale
 []



[18])

[19]
\openout2 = `partie1/p1_chap6_autres_experiences.aux'.

 (partie1/p1_chap6_autres_experiences.tex
Chapitre 6.
LaTeX Font Info:    Font shape `OT1/ptm/bx/n' in size <10> not available
(Font)              Font shape `OT1/ptm/b/n' tried instead on input line 23.
LaTeX Font Info:    Font shape `OT1/ptm/bx/n' in size <7.4> not available
(Font)              Font shape `OT1/ptm/b/n' tried instead on input line 23.

Underfull \hbox (badness 10000) in paragraph at lines 27--27
[]|\T1/ptm/m/n/10 Générateur d'Exer-
 []


Underfull \hbox (badness 10000) in paragraph at lines 29--29
[]|\T1/ptm/m/n/10 Plateforme édu-ca-tive col-la-bo-ra-tive
 []


Underfull \hbox (badness 2426) in paragraph at lines 29--29
\T1/ptm/m/n/10 avec gé-né-ra-tion d'exer-cices as-sis-tée
 []


Underfull \hbox (badness 6641) in paragraph at lines 33--33
[]|\T1/ptm/m/n/10 Chat avec IA via
 []


Underfull \hbox (badness 1199) in paragraph at lines 35--35
\T1/ptm/m/n/10 pren-tis-sage de la pro-gram-ma-tion en
 []


Underfull \hbox (badness 2237) in paragraph at lines 35--35
[]|\T1/ptm/m/n/10 Python, Stream-lit, SQ-
 []


Overfull \hbox (49.99992pt too wide) in paragraph at lines 23--38
 [] 
 []



[20




]
Overfull \hbox (7.6986pt too wide) in paragraph at lines 42--42
|[]\T1/ptm/b/n/17.28 Recherche-action sur l'In-tel-li-gence Ar-ti-fi-cielle dan
s l'Édu-
 []


Underfull \hbox (badness 10000) in paragraph at lines 58--58
[]|\T1/ptm/b/n/10 Domaine d'ex-pé-ri-men-ta-
 []


Underfull \hbox (badness 3861) in paragraph at lines 60--61
[]|\T1/ptm/m/n/10 Différenciation pé-da-go-gique, ré-duc-tion de la
 []


Underfull \hbox (badness 1264) in paragraph at lines 66--66
[]|\T1/ptm/m/n/10 Éthique, sé-cu-rité & in-clu-
 []


Overfull \hbox (37.59995pt too wide) in paragraph at lines 56--69
 [] 
 []



[21])

[22]
\openout2 = `partie1/p1_chap7_bilan.aux'.

 (partie1/p1_chap7_bilan.tex
Chapitre 7.


[23




]
Overfull \hbox (6.0798pt too wide) in paragraph at lines 52--53
\T1/ptm/m/n/12 ci-pli-naire, com-pé-tences pé-da-go-giques et dé-marche de re-c
herche ([]de l'En-sei-gne-ment []\T1/ptm/m/sc/12 supérieur[]\T1/ptm/m/n/12 ,
 []

)

[24]
<sources/medias/p2-moy.png, id=472, 793.96625pt x 793.96625pt>
File: sources/medias/p2-moy.png Graphic file (type png)
<use sources/medias/p2-moy.png>
Package pdftex.def Info: sources/medias/p2-moy.png  used on input line 590.
(pdftex.def)             Requested size: 364.19667pt x 364.19914pt.


[25



 <./sources/medias/p2-moy.png (PNG copy)>]
\openout2 = `partie2/p2_chap1_introduction.aux'.


(partie2/p2_chap1_introduction.tex
Chapitre 8.
LaTeX Font Info:    Trying to load font information for T1+pcr on input line 24
.
(C:\Users\estebe\AppData\Local\Programs\MiKTeX\tex/latex/psnfss\t1pcr.fd
File: t1pcr.fd 2001/06/04 font definitions for T1/pcr.
)

[26


])

[27
pdfTeX warning (ext4): destination with the same identifier (name{table.8.1}) h
as been already used, duplicate ignored
<argument> ...shipout:D \box_use:N \l_shipout_box 
                                                  \__shipout_drop_firstpage_...
l.591 \include{partie2/p2_chap1_introduction}
                                             ]
\openout2 = `partie2/p2_chap2_experience_sql.aux'.


(partie2/p2_chap2_experience_sql.tex
Chapitre 9.
LaTeX Font Info:    Font shape `OT1/ptm/bx/n' in size <24.88> not available
(Font)              Font shape `OT1/ptm/b/n' tried instead on input line 1.
LaTeX Font Info:    Font shape `OT1/ptm/bx/n' in size <17.28> not available
(Font)              Font shape `OT1/ptm/b/n' tried instead on input line 1.

Overfull \hbox (27.85101pt too wide) in paragraph at lines 1--1
|\T1/ptm/b/n/24.88 Expérience 1 : Concep-tion et Ani-ma-tion d'une
 []


Overfull \hbox (0.55367pt too wide) in paragraph at lines 1--1
\T1/ptm/b/n/24.88 For-ma-tion pour En-sei-gnants et For-ma-teurs
 []



[28




]
<sources/forgeale/Atelier Ã‰criture IA - Latex & Antigravity.pdf, id=506, page=
1, 597.19106pt x 845.07718pt>
File: sources/forgeale/Atelier Ã‰criture IA - Latex & Antigravity.pdf Graphic f
ile (type pdf)
<use sources/forgeale/Atelier Ã‰criture IA - Latex & Antigravity.pdf, page 1>
Package pdftex.def Info: sources/forgeale/Atelier Ã‰criture IA - Latex & Antigr
avity.pdf , page1 used on input line 33.
(pdftex.def)             Requested size: 409.71692pt x 579.77702pt.


[29]
<sources/forgeale/Atelier IA - Les ForgÃ©ales.pdf, id=511, page=1, 845.07718pt 
x 1195.5867pt>
File: sources/forgeale/Atelier IA - Les ForgÃ©ales.pdf Graphic file (type pdf)
<use sources/forgeale/Atelier IA - Les ForgÃ©ales.pdf, page 1>
Package pdftex.def Info: sources/forgeale/Atelier IA - Les ForgÃ©ales.pdf , pag
e1 used on input line 40.
(pdftex.def)             Requested size: 386.96027pt x 547.459pt.


[30
pdfTeX warning (ext4): destination with the same identifier (name{figure.9.1}) 
has been already used, duplicate ignored
<argument> ...shipout:D \box_use:N \l_shipout_box 
                                                  \__shipout_drop_firstpage_...
l.44 
      <./sources/forgeale/Atelier Ã‰criture IA - Latex & Antigravity.pdf>]

[31
pdfTeX warning (ext4): destination with the same identifier (name{figure.9.2}) 
has been already used, duplicate ignored
<argument> ...shipout:D \box_use:N \l_shipout_box 
                                                  \__shipout_drop_firstpage_...
l.52         \item \textit
                          {Philosophie Â« Pourquoi \LaTeX{} ? Â»} : SÃ©parat...
 <./sources/forgeale/Atelier IA - Les ForgÃ©ales.pdf>]
Overfull \hbox (8.1261pt too wide) in paragraph at lines 52--53
\T1/ptm/m/n/12 vec-to-riel d'ex-cel-lence, ges-tion des équa-tions et des bi-bl
io-gra-phies (Bib-TeX/BibLaTeX). 
 []


Overfull \hbox (93.14798pt too wide) in paragraph at lines 68--69
[]\T1/ptm/m/it/12 Challenge 3 - Do-cu-ments Com-plexes & Mé-dias Vec-to-riels \
T1/ptm/m/n/12 : In-ser-tion de fi-gures (\T1/pcr/m/n/12 \includegraphics\T1/ptm
/m/n/12 ),
 []


Overfull \hbox (6.00282pt too wide) in paragraph at lines 69--70
[]\T1/ptm/m/it/12 Challenge 4 - Ré-dac-tion As-sis-tée par l'IA (Prompt En-gi-n
ee-ring) \T1/ptm/m/n/12 : Uti-li-sa-tion de l'Agent
 []



[32]

[33]
Overfull \hbox (28.6489pt too wide) in paragraph at lines 115--116
[]\T1/ptm/m/n/12 En clô-ture de la ses-sion en di-rect, les par-ti-ci-pants ont
 été orien-tés vers la pla-te-forme \T1/pcr/m/n/12 atelier-ia
 []


Overfull \hbox (1.52899pt too wide) in paragraph at lines 129--130
[]\T1/ptm/b/n/12 Accompagnement post-formation \T1/ptm/m/n/12 : Ré-cep-tion de 
nom-breux mes-sages pri-vés d'en-sei-gnants
 []



[34]

[35])

[36]
\openout2 = `partie2/p2_chap3_experience_jeux.aux'.

 (partie2/p2_chap3_experience_jeux.tex
Chapitre 10.

Overfull \hbox (4.24052pt too wide) in paragraph at lines 18--19
[]\T1/ptm/b/n/12 Communication in-ter-dis-ci-pli-naire \T1/ptm/m/n/12 : ar-ti-c
u-la-tion entre com-pé-tences tech-niques (code), créa-
 []



[37




]

[38]
Overfull \hbox (14.20322pt too wide) in paragraph at lines 72--73
\T1/ptm/b/n/12 en-vi-ron 40 élèves\T1/ptm/m/n/12 , illus-trant la co-or-di-na-t
ion et l'ani-ma-tion de pro-jet plu-ri-dis-ci-pli-naire ([][]\T1/ptm/m/sc/12 Em
powill[]\T1/ptm/m/n/12 ,
 []

<annexes/pedagogiques/productions/jeux-photo-etudiants (1).jpg, id=1005, 2007.5
pt x 1505.625pt>
File: annexes/pedagogiques/productions/jeux-photo-etudiants (1).jpg Graphic fil
e (type jpg)
<use annexes/pedagogiques/productions/jeux-photo-etudiants (1).jpg>
Package pdftex.def Info: annexes/pedagogiques/productions/jeux-photo-etudiants 
(1).jpg  used on input line 76.
(pdftex.def)             Requested size: 364.19667pt x 273.13739pt.


[39]

[40
pdfTeX warning (ext4): destination with the same identifier (name{figure.10.1})
 has been already used, duplicate ignored
<argument> ...shipout:D \box_use:N \l_shipout_box 
                                                  \__shipout_drop_firstpage_...
l.99 
      <./annexes/pedagogiques/productions/jeux-photo-etudiants (1).jpg>]

[41]
<annexes/pedagogiques/productions/jeux-capture-ecran (1).png, id=1034, 603.4545
pt x 457.71pt>
File: annexes/pedagogiques/productions/jeux-capture-ecran (1).png Graphic file 
(type png)
<use annexes/pedagogiques/productions/jeux-capture-ecran (1).png>
Package pdftex.def Info: annexes/pedagogiques/productions/jeux-capture-ecran (1
).png  used on input line 162.
(pdftex.def)             Requested size: 364.19667pt x 276.24144pt.


[42]
<annexes/pedagogiques/productions/jeux-capture-ecran (2).png, id=1040, 594.4207
5pt x 451.6875pt>
File: annexes/pedagogiques/productions/jeux-capture-ecran (2).png Graphic file 
(type png)
<use annexes/pedagogiques/productions/jeux-capture-ecran (2).png>
Package pdftex.def Info: annexes/pedagogiques/productions/jeux-capture-ecran (2
).png  used on input line 169.
(pdftex.def)             Requested size: 364.19667pt x 276.74889pt.


[43
pdfTeX warning (ext4): destination with the same identifier (name{figure.10.2})
 has been already used, duplicate ignored
<argument> ...shipout:D \box_use:N \l_shipout_box 
                                                  \__shipout_drop_firstpage_...
l.180     \item \textbf
                       {PrÃ©sentation en conseil pÃ©dagogique} : le projet a...

pdfTeX warning (ext4): destination with the same identifier (name{figure.10.3})
 has been already used, duplicate ignored
<argument> ...shipout:D \box_use:N \l_shipout_box 
                                                  \__shipout_drop_firstpage_...
l.180     \item \textbf
                       {PrÃ©sentation en conseil pÃ©dagogique} : le projet a...
 <./annexes/pedagogiques/productions/jeux-capture-ecran (1).png> <./annexes/ped
agogiques/productions/jeux-capture-ecran (2).png>]
Underfull \hbox (badness 10000) in paragraph at lines 202--202
[]|\T1/ptm/b/n/12 Non ac-quis
 []


Underfull \hbox (badness 1297) in paragraph at lines 202--202
[]|\T1/ptm/b/n/12 En cours (8-
 []


Underfull \hbox (badness 10000) in paragraph at lines 202--202
[]|\T1/ptm/b/n/12 Acquis (13-
 []


Underfull \hbox (badness 1917) in paragraph at lines 202--203
[]|\T1/ptm/b/n/12 Maîtrisé (17-
 []


Underfull \hbox (badness 10000) in paragraph at lines 206--206
[]|\T1/ptm/b/n/12 Non ac-quis
 []


Underfull \hbox (badness 1297) in paragraph at lines 206--206
[]|\T1/ptm/b/n/12 En cours (8-
 []


Underfull \hbox (badness 10000) in paragraph at lines 206--206
[]|\T1/ptm/b/n/12 Acquis (13-
 []


Underfull \hbox (badness 1917) in paragraph at lines 206--207
[]|\T1/ptm/b/n/12 Maîtrisé (17-
 []


Underfull \hbox (badness 10000) in paragraph at lines 210--210
[]|\T1/ptm/b/n/12 Programmation
 []


Underfull \hbox (badness 10000) in paragraph at lines 211--211
[]|\T1/ptm/m/n/12 Code non
 []


Underfull \hbox (badness 10000) in paragraph at lines 211--211
\T1/ptm/m/n/12 fonc-tion-
 []


Underfull \hbox (badness 10000) in paragraph at lines 211--211
\T1/ptm/m/n/12 nel, er-reurs
 []


Underfull \hbox (badness 10000) in paragraph at lines 213--213
[]|\T1/ptm/m/n/12 Code fonc-
 []


Underfull \hbox (badness 10000) in paragraph at lines 213--213
\T1/ptm/m/n/12 tion-nel et
 []


Underfull \hbox (badness 10000) in paragraph at lines 214--215
[]|\T1/ptm/m/n/12 Code op-ti-
 []


Underfull \hbox (badness 10000) in paragraph at lines 214--215
\T1/ptm/m/n/12 misé, com-
 []


Underfull \hbox (badness 10000) in paragraph at lines 217--217
[]|\T1/ptm/b/n/12 Collaboration
 []


Underfull \hbox (badness 10000) in paragraph at lines 218--218
[]|\T1/ptm/m/n/12 Travail en
 []


Underfull \hbox (badness 10000) in paragraph at lines 218--218
\T1/ptm/m/n/12 silo, pas
 []


Underfull \hbox (badness 10000) in paragraph at lines 219--219
[]|\T1/ptm/m/n/12 Échanges
 []


Underfull \hbox (badness 10000) in paragraph at lines 220--220
[]|\T1/ptm/m/n/12 Collaboration
 []


Underfull \hbox (badness 10000) in paragraph at lines 220--220
\T1/ptm/m/n/12 ef-fec-tive
 []


Underfull \hbox (badness 10000) in paragraph at lines 221--222
[]|\T1/ptm/m/n/12 Synergie
 []


Underfull \hbox (badness 10000) in paragraph at lines 221--222
\T1/ptm/m/n/12 créa-tive,
 []


Underfull \hbox (badness 10000) in paragraph at lines 226--226
[]|\T1/ptm/m/n/12 Planning
 []


Underfull \hbox (badness 10000) in paragraph at lines 227--227
[]|\T1/ptm/m/n/12 Gestion ef-
 []


Underfull \hbox (badness 10000) in paragraph at lines 227--227
\T1/ptm/m/n/12 fi-cace des
 []


Underfull \hbox (badness 10000) in paragraph at lines 228--229
[]|\T1/ptm/m/n/12 Méthodes
 []


Underfull \hbox (badness 7151) in paragraph at lines 228--229
\T1/ptm/m/n/12 agiles maî-tri-
 []


Underfull \hbox (badness 4621) in paragraph at lines 231--231
[]|\T1/ptm/b/n/12 Intégration des 5
 []


Underfull \hbox (badness 10000) in paragraph at lines 232--232
[]|\T1/ptm/m/n/12 Une seule
 []


Underfull \hbox (badness 10000) in paragraph at lines 232--232
\T1/ptm/m/n/12 dis-ci-pline
 []


Underfull \hbox (badness 10000) in paragraph at lines 234--234
\T1/ptm/m/n/12 har-mo-nieu-se-
 []


Underfull \hbox (badness 10000) in paragraph at lines 235--236
[]|\T1/ptm/m/n/12 Synergie ex-
 []


Underfull \hbox (badness 10000) in paragraph at lines 235--236
\T1/ptm/m/n/12 cep-tion-nelle
 []


Underfull \hbox (badness 10000) in paragraph at lines 235--236
\T1/ptm/m/n/12 entre toutes
 []

[44]
Overfull \hbox (28.43317pt too wide) in paragraph at lines 259--260
[]\T1/ptm/b/n/12 Étayage et Pos-tures \T1/ptm/m/n/12 : Ma pos-ture do-mi-nante 
a glissé du \T1/ptm/b/n/12 contrôle \T1/ptm/m/n/12 (au dé-but) à l'\T1/ptm/b/n/
12 accompagnement
 []



[45]

[46]
Overfull \hbox (32.5376pt too wide) in paragraph at lines 302--303
\OMS/ztmcm/m/n/12 !$ \T1/ptm/m/n/12 Ana-lyse des ré-sul-tats) est celle d'un pr
aticien-chercheur ([][]\T1/ptm/m/sc/12 Revue des sciences de l'éducation[]\T1/p
tm/m/n/12 ,
 []



[47])

[48]
\openout2 = `partie2/p2_chap4_experience_evaluation.aux'.

 (partie2/p2_chap4_experience_evaluation.tex
Chapitre 11.

Overfull \hbox (3.6893pt too wide) in paragraph at lines 1--1
\T1/ptm/b/n/24.88 La ^^S No-ta-tion à l'En-ve-loppe ^^T (Mé-thode Ita-
 []



[49




]
Overfull \hbox (0.80931pt too wide) in paragraph at lines 25--26
\T1/ptm/m/n/12 FFMS : l'\T1/ptm/b/n/12 ingénierie des dis-po-si-tifs d'éva-lua-
tion ré-gu-la-trice \T1/ptm/m/n/12 ([][]\T1/ptm/m/sc/12 Nicol []\T1/ptm/m/n/12 
& []\T1/ptm/m/sc/12 Macfarlane-Dick[]\T1/ptm/m/n/12 ,
 []



[50]

[51]

[52]

[53]
Overfull \hbox (13.60011pt too wide) in paragraph at lines 162--163
[]\T1/ptm/m/n/12 Sur 5 ans d'uti-li-sa-tion de cette mé-thode, j'ob-serve des é
carts mo-dé-rés et ac-cep-tés ([][]\T1/ptm/m/sc/12 Université
 []



[54]
Overfull \hbox (7.79216pt too wide) in paragraph at lines 193--194
[]\T1/ptm/m/n/12 Pour illus-trer concrè-te-ment le fonc-tion-ne-ment du dis-po-
si-tif et son im-pact psycho-pédagogique
 []


Underfull \hbox (badness 10000) in paragraph at lines 215--215
[]|\T1/ptm/b/n/12 Insuffisant
 []


Overfull \hbox (2.43372pt too wide) in paragraph at lines 215--215
[]|\T1/ptm/b/n/12 Satisfaisant
 []


Underfull \hbox (badness 10000) in paragraph at lines 215--215
[]|\T1/ptm/b/n/12 Très bien
 []


Underfull \hbox (badness 10000) in paragraph at lines 215--216
[]|\T1/ptm/b/n/12 Excellent
 []


Overfull \hbox (17.89438pt too wide) in alignment at lines 212--217
 [] [] [] [] [] [] 
 []


Underfull \hbox (badness 10000) in paragraph at lines 219--219
[]|\T1/ptm/b/n/12 Insuffisant
 []


Overfull \hbox (2.43372pt too wide) in paragraph at lines 219--219
[]|\T1/ptm/b/n/12 Satisfaisant
 []


Underfull \hbox (badness 10000) in paragraph at lines 219--219
[]|\T1/ptm/b/n/12 Très bien
 []


Underfull \hbox (badness 10000) in paragraph at lines 219--220
[]|\T1/ptm/b/n/12 Excellent
 []


Overfull \hbox (17.89438pt too wide) in alignment at lines 217--221
 [] [] [] [] [] [] 
 []


Overfull \hbox (16.91757pt too wide) in paragraph at lines 224--224
[]|\T1/ptm/m/n/12 Fonctionnalités
 []


Underfull \hbox (badness 10000) in paragraph at lines 225--225
[]|\T1/ptm/m/n/12 Produit
 []


Underfull \hbox (badness 10000) in paragraph at lines 225--225
\T1/ptm/m/n/12 fonc-tion-nel
 []


Underfull \hbox (badness 10000) in paragraph at lines 226--226
[]|\T1/ptm/m/n/12 Qualité
 []


Underfull \hbox (badness 10000) in paragraph at lines 226--226
\T1/ptm/m/n/12 tech-nique
 []


Underfull \hbox (badness 10000) in paragraph at lines 227--228
[]|\T1/ptm/m/n/12 Excellence
 []


Underfull \hbox (badness 1776) in paragraph at lines 229--229
[]|\T1/ptm/b/n/12 Innovation et créa-ti-
 []


Underfull \hbox (badness 10000) in paragraph at lines 230--230
[]|\T1/ptm/m/n/12 Aucune
 []


Underfull \hbox (badness 10000) in paragraph at lines 231--231
[]|\T1/ptm/m/n/12 Quelques
 []


Underfull \hbox (badness 10000) in paragraph at lines 231--231
\T1/ptm/m/n/12 élé-ments
 []


Underfull \hbox (badness 10000) in paragraph at lines 232--232
[]|\T1/ptm/m/n/12 Approche
 []


Underfull \hbox (badness 10000) in paragraph at lines 233--233
[]|\T1/ptm/m/n/12 Solutions
 []


Underfull \hbox (badness 10000) in paragraph at lines 234--235
[]|\T1/ptm/m/n/12 Innovation
 []


Underfull \hbox (badness 10000) in paragraph at lines 234--235
\T1/ptm/m/n/12 re-mar-
 []


Underfull \hbox (badness 10000) in paragraph at lines 236--236
[]|\T1/ptm/b/n/12 Respect des
 []


Underfull \hbox (badness 10000) in paragraph at lines 237--237
[]|\T1/ptm/m/n/12 Contraintes
 []


Underfull \hbox (badness 10000) in paragraph at lines 238--238
[]|\T1/ptm/m/n/12 Respect
 []


Underfull \hbox (badness 10000) in paragraph at lines 239--239
[]|\T1/ptm/m/n/12 Contraintes
 []


Overfull \hbox (7.07767pt too wide) in paragraph at lines 240--240
[]|\T1/ptm/m/n/12 Dépassement
 []


Underfull \hbox (badness 10000) in paragraph at lines 241--242
[]|\T1/ptm/m/n/12 Excellence
 []


Underfull \hbox (badness 10000) in paragraph at lines 241--242
\T1/ptm/m/n/12 dans les
 []


Underfull \hbox (badness 10000) in paragraph at lines 244--244
[]|\T1/ptm/m/n/12 Aucune
 []


Underfull \hbox (badness 10000) in paragraph at lines 244--244
\T1/ptm/m/n/12 do-cu-men-ta-
 []


Overfull \hbox (17.08574pt too wide) in paragraph at lines 245--245
[]|\T1/ptm/m/n/12 Documentation
 []


Overfull \hbox (17.08574pt too wide) in paragraph at lines 246--246
[]|\T1/ptm/m/n/12 Documentation
 []


Overfull \hbox (17.08574pt too wide) in paragraph at lines 247--247
[]|\T1/ptm/m/n/12 Documentation
 []


Overfull \hbox (17.08574pt too wide) in paragraph at lines 248--249
[]|\T1/ptm/m/n/12 Documentation
 []


Overfull \hbox (17.89438pt too wide) in alignment at lines 221--250
 [] [] [] [] [] [] 
 []



[55]
Overfull \hbox (62.39992pt too wide) in alignment at lines 255--260
 [] [] [] [] [] 
 []


Overfull \hbox (62.39992pt too wide) in alignment at lines 260--264
 [] [] [] [] [] 
 []


Underfull \hbox (badness 10000) in paragraph at lines 265--265
[]|\T1/ptm/b/n/12 Participation aux
 []


Underfull \hbox (badness 10000) in paragraph at lines 268--268
[]|\T1/ptm/m/n/12 Participation
 []


Underfull \hbox (badness 10000) in paragraph at lines 271--271
[]|\T1/ptm/b/n/12 Contribution tech-
 []


Underfull \hbox (badness 1648) in paragraph at lines 274--274
[]|\T1/ptm/m/n/12 Contributions si-
 []


Underfull \hbox (badness 10000) in paragraph at lines 275--276
[]|\T1/ptm/m/n/12 Contributions
 []


Underfull \hbox (badness 10000) in paragraph at lines 278--278
[]|\T1/ptm/m/n/12 Individualiste,
 []


Underfull \hbox (badness 4403) in paragraph at lines 279--279
[]|\T1/ptm/m/n/12 Coopération mi-
 []


Underfull \hbox (badness 10000) in paragraph at lines 280--280
[]|\T1/ptm/m/n/12 Bon es-prit
 []


Underfull \hbox (badness 10000) in paragraph at lines 281--282
[]|\T1/ptm/m/n/12 Moteur de
 []


Underfull \hbox (badness 10000) in paragraph at lines 286--286
[]|\T1/ptm/m/n/12 Ponctualité
 []


Underfull \hbox (badness 10000) in paragraph at lines 287--288
[]|\T1/ptm/m/n/12 Anticipation et
 []


Underfull \hbox (badness 10000) in paragraph at lines 292--292
[]|\T1/ptm/m/n/12 Entraide ré-gu-
 []


Overfull \hbox (62.39992pt too wide) in alignment at lines 264--295
 [] [] [] [] [] 
 []

[56]

[57])

[58]

[59]
\openout2 = `partie2/p2_chap5_conclusion.aux'.

 (partie2/p2_chap5_conclusion.tex
Chapitre 12.

Overfull \hbox (4.3608pt too wide) in paragraph at lines 5--6
[]\T1/ptm/m/n/12 Ces trois ex-pé-riences pro-fes-sion-nelles, soi-gneu-se-ment 
sé-lec-tion-nées et ana-ly-sées, té-moignent
 []



[60




]

[61]

[62])

[63]
<sources/medias/p3-moy.png, id=1223, 882.29625pt x 882.29625pt>
File: sources/medias/p3-moy.png Graphic file (type png)
<use sources/medias/p3-moy.png>
Package pdftex.def Info: sources/medias/p3-moy.png  used on input line 600.
(pdftex.def)             Requested size: 364.19667pt x 364.19402pt.


[64



 <./sources/medias/p3-moy.png (PNG copy)>]
\openout2 = `partie3/p3_chap1_introduction.aux'.


(partie3/p3_chap1_introduction.tex
Chapitre 13.
)

[65


]
\openout2 = `partie3/p3_chap2_analyse_competences.aux'.

 (partie3/p3_chap2_analyse_competences.tex
Chapitre 14.

Overfull \hbox (5.70271pt too wide) in paragraph at lines 1--1
|\T1/ptm/b/n/24.88 Analyse dé-taillée des 9 blocs de com-pé-tences
 []



[66




]
Overfull \hbox (14.74255pt too wide) in paragraph at lines 36--37
\T1/ptm/m/it/12 tique... Ré-soudre des pro-blèmes... Conduire une ana-lyse ré-f
lexive... ^^T \T1/ptm/m/n/12 ([][]\T1/ptm/m/sc/12 Compétences[]\T1/ptm/m/n/12 ,

 []



[67]

[68]
Overfull \hbox (2.76128pt too wide) in paragraph at lines 111--112
\T1/ptm/m/it/12 ÷uvre un ca-hier des charges. Mo-bi-li-ser des sa-voirs spé-cia
-li-sés... ^^T \T1/ptm/m/n/12 ([][]\T1/ptm/m/sc/12 Compétences[]\T1/ptm/m/n/12 
,
 []



[69]

[70]

[71]

[72])
Overfull \hbox (0.10323pt too wide) in paragraph at lines 228--602
[]\T1/ptm/b/n/12 Niveau de maî-trise : Ac-quis \T1/ptm/m/n/12 - En-ga-ge-ment f
ort dans une dy-na-mique de chercheur-praticien. 
 []



[73]
\openout2 = `partie3/p3_chap3_experiences_exceptionnelles.aux'.

 (partie3/p3_chap3_experiences_exceptionnelles.tex
Chapitre 15.


[74





pdfTeX warning (ext4): destination with the same identifier (name{table.15.1}) 
has been already used, duplicate ignored
<argument> ...shipout:D \box_use:N \l_shipout_box 
                                                  \__shipout_drop_firstpage_...
l.51     \item M
                aÃ®trise des technologies Ã©mergentes (IA gÃ©nÃ©rative) pour...
]

[75]

[76])

[77]
\openout2 = `partie3/p3_chap4_synthese_correspondance.aux'.

 (partie3/p3_chap4_synthese_correspondance.tex
Chapitre 16.


[78




]
Underfull \hbox (badness 2318) in paragraph at lines 12--12
[]|\T1/ptm/b/n/12 Équivalence UE FFMS
 []

! Undefined control sequence.
<recently read> \endendfirsthead 
                                 
l.14 \endendfirsthead
                     
The control sequence at the end of the top line
of your error message was never \def'ed. If you have
misspelled it (e.g., `\hobx'), type `I' and the correct
spelling (e.g., `I\hbox'). Otherwise just continue,
and I'll forget about whatever was undefined.


Underfull \hbox (badness 2318) in paragraph at lines 16--16
[]|\T1/ptm/b/n/12 Équivalence UE FFMS
 []


Overfull \hbox (30.08301pt too wide) in alignment at lines 9--18
 [] [] [] [] 
 []


Overfull \hbox (30.08301pt too wide) in alignment at lines 18--20
 [] [] [] [] 
 []


Underfull \hbox (badness 10000) in paragraph at lines 25--25
[]|\T1/ptm/m/n/12 Évolution des pos-tures de for-ma-teur
 []


Underfull \hbox (badness 1590) in paragraph at lines 40--41
[]|\T1/ptm/m/n/12 Projets EBEP, pla-te-forme ebep.educ-ai.fr,
 []


Underfull \hbox (badness 3000) in paragraph at lines 43--43
[]|\T1/ptm/m/n/12 Veille tech-no-lo-gique, recherche-action et
 []


Underfull \hbox (badness 3919) in paragraph at lines 46--46
[]|\T1/ptm/b/n/12 BC09 - Ani-ma-tion du
 []


Overfull \hbox (30.08301pt too wide) in alignment at lines 20--49
 [] [] [] [] 
 []



[79

]
Overfull \hbox (2.6887pt too wide) in paragraph at lines 53--53
|[]\T1/ptm/b/n/17.28 Correspondance avec la Ma-quette Lo-cale FFMS (INSPÉ
 []


Underfull \hbox (badness 10000) in paragraph at lines 62--62
[]|\T1/ptm/b/n/10.95 UE / Ma-quette FFMS
 []


Underfull \hbox (badness 10000) in paragraph at lines 62--63
[]|\T1/ptm/b/n/10.95 Preuves & Ex-pé-riences
 []


Underfull \hbox (badness 7047) in paragraph at lines 64--65
\T1/ptm/m/n/10.95 pro-jet, éthique du nu-mé-
 []


Underfull \hbox (badness 10000) in paragraph at lines 66--67
[]|\T1/ptm/m/n/10.95 Expérience 1 (Ate-lier
 []


Underfull \hbox (badness 10000) in paragraph at lines 68--69
[]|\T1/ptm/m/n/10.95 Animation d'ate-liers de
 []


Underfull \hbox (badness 10000) in paragraph at lines 70--71
[]|\T1/ptm/m/n/10.95 Démarche chercheur-
 []


Underfull \hbox (badness 7064) in paragraph at lines 70--71
\T1/ptm/m/n/10.95 praticien, pro-jet de thèse
 []


Underfull \hbox (badness 5077) in paragraph at lines 72--73
[]|\T1/ptm/m/n/10.95 Expérience 3 (No-ta-tion à
 []


Underfull \hbox (badness 10000) in paragraph at lines 72--73
\T1/ptm/m/n/10.95 l'En-ve-loppe), pra-tique ré-
 []


Overfull \hbox (9.14719pt too wide) in paragraph at lines 60--77
 [][] 
 []



[80


pdfTeX warning (ext4): destination with the same identifier (name{table.16.2}) 
has been already used, duplicate ignored
<argument> ...shipout:D \box_use:N \l_shipout_box 
                                                  \__shipout_drop_firstpage_...
l.95     \item U
                ne approche systÃ©mique de la formation, intÃ©grant l'analys...
])

[81]
\openout2 = `partie3/p3_chap5_projet_professionnel.aux'.

 (partie3/p3_chap5_projet_professionnel.tex
Chapitre 17.

Overfull \hbox (3.25917pt too wide) in paragraph at lines 3--3
\T1/ptm/b/n/17.28 sys-tème d'IA Co-adaptatif pour l'In-clu-sion Pé-da-go-gique
 []



[82




]
Overfull \hbox (3.54227pt too wide) in paragraph at lines 47--48
\T1/ptm/m/n/12 tyque (élèves/étudiants EBEP, AESH, en-sei-gnants) et mo-dé-li-s
a-tion des on-to-lo-gies de connais-
 []



[83])

[84]

[85



]

[86]

[87]

[88]
Overfull \hbox (27.5741pt too wide) in paragraph at lines 720--720
|\T1/ptm/b/n/17.28 Conclusion pros-pec-tive : vers une car-rière d'enseignant-c
hercheur| 
 []



[89]

[90]

[91]
<sources/medias/p4-moy.png, id=1372, 793.96625pt x 793.96625pt>
File: sources/medias/p4-moy.png Graphic file (type png)
<use sources/medias/p4-moy.png>
Package pdftex.def Info: sources/medias/p4-moy.png  used on input line 765.
(pdftex.def)             Requested size: 364.19667pt x 364.19914pt.


[1

 <./sources/medias/p4-moy.png (PNG copy)>]
\openout2 = `annexes/pedagogiques/p4_chap1_pedagogiques.aux'.


(annexes/pedagogiques/p4_chap1_pedagogiques.tex
Chapitre 18.
<sources/grille.pdf, id=1378, 597.50829pt x 845.0471pt>
File: sources/grille.pdf Graphic file (type pdf)
<use sources/grille.pdf>
Package pdftex.def Info: sources/grille.pdf  used on input line 9.
(pdftex.def)             Requested size: 597.50682pt x 845.04504pt.
<sources/grille.pdf, id=1380, page=1, 597.50829pt x 845.0471pt>
File: sources/grille.pdf Graphic file (type pdf)
<use sources/grille.pdf, page 1>
Package pdftex.def Info: sources/grille.pdf , page1 used on input line 9.
(pdftex.def)             Requested size: 597.50682pt x 845.04504pt.
File: sources/grille.pdf Graphic file (type pdf)
<use sources/grille.pdf, page 1>
Package pdftex.def Info: sources/grille.pdf , page1 used on input line 9.
(pdftex.def)             Requested size: 507.88443pt x 718.29344pt.



pdfTeX warning (ext4): destination with the same identifier (name{page.}) has b
een already used, duplicate ignored
<to be read again> 
                   \relax 
l.9 ...\thispagestyle{plain}}]{sources/grille.pdf}
                                                   [2


]
File: sources/grille.pdf Graphic file (type pdf)
<use sources/grille.pdf, page 1>
Package pdftex.def Info: sources/grille.pdf , page1 used on input line 9.
(pdftex.def)             Requested size: 507.88443pt x 718.29344pt.
File: sources/grille.pdf Graphic file (type pdf)
<use sources/grille.pdf, page 1>
Package pdftex.def Info: sources/grille.pdf , page1 used on input line 9.
(pdftex.def)             Requested size: 507.88443pt x 718.29344pt.



pdfTeX warning (ext4): destination with the same identifier (name{page.}) has b
een already used, duplicate ignored
<to be read again> 
                   \relax 
l.9 ...\thispagestyle{plain}}]{sources/grille.pdf}
                                                  
File: sources/grille.pdf Graphic file (type pdf)
<use sources/grille.pdf, page 1>
Package pdftex.def Info: sources/grille.pdf , page1 used on input line 9.
(pdftex.def)             Requested size: 507.88443pt x 718.29344pt.
 [3

 <./sources/grille.pdf>]
<sources/grille.pdf, id=1433, page=2, 845.0471pt x 597.50829pt>
File: sources/grille.pdf Graphic file (type pdf)
<use sources/grille.pdf, page 2>
Package pdftex.def Info: sources/grille.pdf , page2 used on input line 9.
(pdftex.def)             Requested size: 718.29344pt x 507.88443pt.
File: sources/grille.pdf Graphic file (type pdf)
<use sources/grille.pdf, page 2>
Package pdftex.def Info: sources/grille.pdf , page2 used on input line 9.
(pdftex.def)             Requested size: 718.29344pt x 507.88443pt.



pdfTeX warning (ext4): destination with the same identifier (name{page.}) has b
een already used, duplicate ignored
<to be read again> 
                   \relax 
l.9 ...\thispagestyle{plain}}]{sources/grille.pdf}
                                                  
File: sources/grille.pdf Graphic file (type pdf)
<use sources/grille.pdf, page 2>
Package pdftex.def Info: sources/grille.pdf , page2 used on input line 9.
(pdftex.def)             Requested size: 718.29344pt x 507.88443pt.
 [4

 <./sources/grille.pdf, page is rotated 90 degrees>]
<sources/grille.pdf, id=1452, page=3, 845.0471pt x 597.50829pt>
File: sources/grille.pdf Graphic file (type pdf)
<use sources/grille.pdf, page 3>
Package pdftex.def Info: sources/grille.pdf , page3 used on input line 9.
(pdftex.def)             Requested size: 718.29344pt x 507.88443pt.
File: sources/grille.pdf Graphic file (type pdf)
<use sources/grille.pdf, page 3>
Package pdftex.def Info: sources/grille.pdf , page3 used on input line 9.
(pdftex.def)             Requested size: 718.29344pt x 507.88443pt.



pdfTeX warning (ext4): destination with the same identifier (name{page.}) has b
een already used, duplicate ignored
<to be read again> 
                   \relax 
l.9 ...\thispagestyle{plain}}]{sources/grille.pdf}
                                                  
File: sources/grille.pdf Graphic file (type pdf)
<use sources/grille.pdf, page 3>
Package pdftex.def Info: sources/grille.pdf , page3 used on input line 9.
(pdftex.def)             Requested size: 718.29344pt x 507.88443pt.
 [5

 <./sources/grille.pdf, page is rotated 90 degrees>]
<sources/grille.pdf, id=1456, page=4, 845.0471pt x 597.50829pt>
File: sources/grille.pdf Graphic file (type pdf)
<use sources/grille.pdf, page 4>
Package pdftex.def Info: sources/grille.pdf , page4 used on input line 9.
(pdftex.def)             Requested size: 718.29344pt x 507.88443pt.
File: sources/grille.pdf Graphic file (type pdf)
<use sources/grille.pdf, page 4>
Package pdftex.def Info: sources/grille.pdf , page4 used on input line 9.
(pdftex.def)             Requested size: 718.29344pt x 507.88443pt.



pdfTeX warning (ext4): destination with the same identifier (name{page.}) has b
een already used, duplicate ignored
<to be read again> 
                   \relax 
l.9 ...\thispagestyle{plain}}]{sources/grille.pdf}
                                                  
File: sources/grille.pdf Graphic file (type pdf)
<use sources/grille.pdf, page 4>
Package pdftex.def Info: sources/grille.pdf , page4 used on input line 9.
(pdftex.def)             Requested size: 718.29344pt x 507.88443pt.
 [6

 <./sources/grille.pdf, page is rotated 90 degrees>])
\openout2 = `annexes/administratives/p4_chap2_administratives.aux'.


(annexes/administratives/p4_chap2_administratives.tex
Chapitre 19.

Underfull \hbox (badness 10000) in paragraph at lines 47--48
[]|\T1/ptm/b/n/12 Documents dis-po-
 []


Underfull \hbox (badness 10000) in paragraph at lines 51--52
[]|\T1/ptm/b/n/12 Documents dis-po-
 []


Underfull \hbox (badness 10000) in paragraph at lines 58--58
[]|\T1/ptm/m/n/12 Développeur
 []


Underfull \hbox (badness 10000) in paragraph at lines 61--61
[]|\T1/ptm/m/n/12 Team Lea-der /
 []


Underfull \hbox (badness 10000) in paragraph at lines 61--62
[]|\T1/ptm/m/n/12 Certificats, fiches de
 []


Underfull \hbox (badness 10000) in paragraph at lines 64--64
[]|\T1/ptm/m/n/12 Enseignant
 []


Underfull \hbox (badness 1163) in paragraph at lines 64--65
[]|\T1/ptm/m/n/12 Arrêté de no-mi-na-tion,
 []


Underfull \hbox (badness 4193) in paragraph at lines 67--67
[]|\T1/ptm/m/n/12 IUT In-for-ma-tique Le
 []


Underfull \hbox (badness 4132) in paragraph at lines 67--68
[]|\T1/ptm/m/n/12 Contrats de va-ca-tion,
 []




pdfTeX warning (ext4): destination with the same identifier (name{page.}) has b
een already used, duplicate ignored
<to be read again> 
                   \relax 
l.70 \end{longtable}
                     [7




]


pdfTeX warning (ext4): destination with the same identifier (name{page.}) has b
een already used, duplicate ignored
<to be read again> 
                   \relax 
l.92     \item F
                ormations continues et certifications [8]
Underfull \hbox (badness 1028) in paragraph at lines 107--107
[]|\T1/ptm/b/n/12 Description et ob-jec-
 []


Underfull \hbox (badness 2181) in paragraph at lines 107--108
[]|\T1/ptm/b/n/12 Impact pé-da-go-
 []


Underfull \hbox (badness 1028) in paragraph at lines 111--111
[]|\T1/ptm/b/n/12 Description et ob-jec-
 []


Underfull \hbox (badness 2181) in paragraph at lines 111--112
[]|\T1/ptm/b/n/12 Impact pé-da-go-
 []


Underfull \hbox (badness 1515) in paragraph at lines 115--116
[]|\T1/ptm/b/n/12 Chasse au Tré-
 []


Underfull \hbox (badness 10000) in paragraph at lines 115--116
[][]$\T1/ptm/m/n/12 https : / / spy . forge .
 []


Underfull \hbox (badness 10000) in paragraph at lines 115--116
\T1/ptm/m/n/12 apps . education .
 []


Underfull \hbox (badness 10000) in paragraph at lines 117--117
[]|\T1/ptm/m/n/12 Site web in-ter-ac-tif
 []


Underfull \hbox (badness 1342) in paragraph at lines 117--117
\T1/ptm/m/n/12 pour chasse au tré-sor
 []


Underfull \hbox (badness 10000) in paragraph at lines 117--117
\T1/ptm/m/n/12 pé-da-go-gique avec
 []


Underfull \hbox (badness 10000) in paragraph at lines 117--117
\T1/ptm/m/n/12 mini-jeux. Fa-ci-le-ment
 []


Underfull \hbox (badness 1033) in paragraph at lines 117--117
\T1/ptm/m/n/12 adap-table par d'autres
 []


Underfull \hbox (badness 10000) in paragraph at lines 117--117
\T1/ptm/m/n/12 éta-blis-se-ments via
 []


Overfull \hbox (0.65562pt too wide) in paragraph at lines 118--118
[]|\T1/ptm/m/n/12 HTML/CSS/JavaScript,
 []


Underfull \hbox (badness 10000) in paragraph at lines 118--118
\T1/ptm/m/n/12 JSON, Ar-chi-tec-ture
 []


Underfull \hbox (badness 10000) in paragraph at lines 119--120
[]|\T1/ptm/m/n/12 Gamification
 []


Underfull \hbox (badness 10000) in paragraph at lines 119--120
\T1/ptm/m/n/12 de l'ap-pren-
 []


Underfull \hbox (badness 10000) in paragraph at lines 119--120
\T1/ptm/m/n/12 tis-sage, col-la-
 []


Underfull \hbox (badness 10000) in paragraph at lines 119--120
\T1/ptm/m/n/12 bo-ra-tion inter-
 []


Underfull \hbox (badness 10000) in paragraph at lines 119--120
\T1/ptm/m/n/12 établissements,
 []


Underfull \hbox (badness 10000) in paragraph at lines 122--123
[][]$\T1/ptm/m/n/12 https :
 []


Underfull \hbox (badness 1642) in paragraph at lines 124--124
[]|\T1/ptm/m/n/12 Application web pour
 []


Underfull \hbox (badness 1043) in paragraph at lines 124--124
\T1/ptm/m/n/12 ges-tion, édi-tion de fi-
 []


Underfull \hbox (badness 2980) in paragraph at lines 124--124
\T1/ptm/m/n/12 chiers et dé-ploie-ment
 []


Underfull \hbox (badness 10000) in paragraph at lines 126--127
[]|\T1/ptm/m/n/12 Démocratisation
 []


Underfull \hbox (badness 10000) in paragraph at lines 126--127
\T1/ptm/m/n/12 des ou-tils de
 []


Underfull \hbox (badness 10000) in paragraph at lines 126--127
\T1/ptm/m/n/12 dé-ve-lop-pe-ment
 []


Underfull \hbox (badness 10000) in paragraph at lines 126--127
\T1/ptm/m/n/12 col-la-bo-ra-tif
 []


Underfull \hbox (badness 10000) in paragraph at lines 126--127
\T1/ptm/m/n/12 pour tous les
 []


Underfull \hbox (badness 10000) in paragraph at lines 129--130
[]|\T1/ptm/b/n/12 Générateur
 []


Underfull \hbox (badness 10000) in paragraph at lines 129--130
\T1/ptm/b/n/12 d'Exer-cices
 []


Underfull \hbox (badness 10000) in paragraph at lines 129--130
[][]$\T1/ptm/m/n/12 https :
 []


Underfull \hbox (badness 10000) in paragraph at lines 129--130
\T1/ptm/m/n/12 / / exercicepython .
 []


Underfull \hbox (badness 10000) in paragraph at lines 132--132
[]|\T1/ptm/m/n/12 Python, Stream-
 []


Underfull \hbox (badness 10000) in paragraph at lines 132--132
\T1/ptm/m/n/12 lit, IA (Lo-ca-
 []


Underfull \hbox (badness 10000) in paragraph at lines 132--132
\T1/ptm/m/n/12 lAI/Gemini/Mistral),
 []


Underfull \hbox (badness 10000) in paragraph at lines 133--134
[]|\T1/ptm/m/n/12 Personnalisation
 []


Underfull \hbox (badness 10000) in paragraph at lines 133--134
\T1/ptm/m/n/12 au-to-ma-tique,
 []


Underfull \hbox (badness 10000) in paragraph at lines 133--134
\T1/ptm/m/n/12 éva-lua-tion in-
 []


Underfull \hbox (badness 10000) in paragraph at lines 133--134
\T1/ptm/m/n/12 tel-li-gente, suivi
 []


Underfull \hbox (badness 10000) in paragraph at lines 136--137
[]|\T1/ptm/b/n/12 Pokédex In-ter-
 []


Underfull \hbox (badness 10000) in paragraph at lines 136--137
[][]$\T1/ptm/m/n/12 https : / / pokedex .
 []


Underfull \hbox (badness 10000) in paragraph at lines 138--138
[]|\T1/ptm/m/n/12 Application Py-
 []


Underfull \hbox (badness 10000) in paragraph at lines 138--138
\T1/ptm/m/n/12 thon/Streamlit pour
 []


Underfull \hbox (badness 10000) in paragraph at lines 140--141
[]|\T1/ptm/m/n/12 Motivation par
 []


Underfull \hbox (badness 10000) in paragraph at lines 140--141
\T1/ptm/m/n/12 la ga-mi-fi-ca-tion,
 []


Underfull \hbox (badness 10000) in paragraph at lines 140--141
\T1/ptm/m/n/12 pro-gram-ma-tion
 []


Underfull \hbox (badness 10000) in paragraph at lines 143--144
[][]$\T1/ptm/m/n/12 https : / / pyteur .
 []


Underfull \hbox (badness 10000) in paragraph at lines 145--145
[]|\T1/ptm/m/n/12 Plateforme édu-ca-tive
 []


Underfull \hbox (badness 10000) in paragraph at lines 145--145
\T1/ptm/m/n/12 col-la-bo-ra-tive avec
 []


Underfull \hbox (badness 3482) in paragraph at lines 145--145
\T1/ptm/m/n/12 gé-né-ra-tion d'exer-cices
 []


Underfull \hbox (badness 10000) in paragraph at lines 146--146
[]|\T1/ptm/m/n/12 Django, IA, Post-
 []


Underfull \hbox (badness 10000) in paragraph at lines 146--146
\T1/ptm/m/n/12 greSQL, Ar-chi-tec-ture
 []


Underfull \hbox (badness 10000) in paragraph at lines 147--148
\T1/ptm/m/n/12 de classe nu-
 []


Underfull \hbox (badness 10000) in paragraph at lines 147--148
\T1/ptm/m/n/12 mé-rique, in-tel-li-
 []


Underfull \hbox (badness 3199) in paragraph at lines 147--148
\T1/ptm/m/n/12 gence ar-ti-fi-cielle
 []


Underfull \hbox (badness 10000) in paragraph at lines 150--151
[][]$\T1/ptm/m/n/12 https : / / spy . forge .
 []


Underfull \hbox (badness 10000) in paragraph at lines 150--151
\T1/ptm/m/n/12 apps . education .
 []


Underfull \hbox (badness 10000) in paragraph at lines 152--152
\T1/ptm/m/n/12 de scènes pa-no-ra-
 []


Underfull \hbox (badness 5490) in paragraph at lines 152--152
\T1/ptm/m/n/12 miques 360\TS1/ptm/m/n/12 ° \T1/ptm/m/n/12 in-ter-ac-
 []


Underfull \hbox (badness 10000) in paragraph at lines 152--152
\T1/ptm/m/n/12 tives avec hots-pots.
 []


Underfull \hbox (badness 10000) in paragraph at lines 152--152
\T1/ptm/m/n/12 Vi-sites vir-tuelles et
 []


Underfull \hbox (badness 10000) in paragraph at lines 152--152
\T1/ptm/m/n/12 ex-plo-ra-tions gui-dées
 []


Underfull \hbox (badness 10000) in paragraph at lines 153--153
[]|\T1/ptm/m/n/12 Three.js,
 []


Underfull \hbox (badness 10000) in paragraph at lines 154--155
[]|\T1/ptm/m/n/12 Immersion
 []


Underfull \hbox (badness 10000) in paragraph at lines 154--155
\T1/ptm/m/n/12 pé-da-go-gique,
 []


Underfull \hbox (badness 10000) in paragraph at lines 154--155
\T1/ptm/m/n/12 in-no-va-tion
 []


Underfull \hbox (badness 10000) in paragraph at lines 154--155
\T1/ptm/m/n/12 tech-no-lo-gique,
 []


Underfull \hbox (badness 10000) in paragraph at lines 154--155
\T1/ptm/m/n/12 ac-ces-si-bi-lité
 []


Underfull \hbox (badness 10000) in paragraph at lines 157--158
[][]$\T1/ptm/m/n/12 https : / / spy . forge .
 []


Underfull \hbox (badness 10000) in paragraph at lines 157--158
\T1/ptm/m/n/12 apps . education .
 []


Underfull \hbox (badness 10000) in paragraph at lines 159--159
[]|\T1/ptm/m/n/12 Simulation édu-ca-tive
 []


Underfull \hbox (badness 10000) in paragraph at lines 159--159
\T1/ptm/m/n/12 re-pro-dui-sant Net-flix
 []


Underfull \hbox (badness 6510) in paragraph at lines 159--159
\T1/ptm/m/n/12 pour sen-si-bi-li-ser aux
 []


Underfull \hbox (badness 10000) in paragraph at lines 159--159
\T1/ptm/m/n/12 risques de phi-shing
 []


Underfull \hbox (badness 2293) in paragraph at lines 160--160
[]|\T1/ptm/m/n/12 HTML/CSS/JS, Si-mu-
 []


Underfull \hbox (badness 10000) in paragraph at lines 161--162
[]|\T1/ptm/m/n/12 Éducation à la
 []


Underfull \hbox (badness 10000) in paragraph at lines 161--162
\T1/ptm/m/n/12 cy-ber-sé-cu-rité,
 []


Underfull \hbox (badness 10000) in paragraph at lines 161--162
\T1/ptm/m/n/12 sen-si-bi-li-sa-tion
 []


Underfull \hbox (badness 10000) in paragraph at lines 161--162
\T1/ptm/m/n/12 aux risques
 []


Underfull \hbox (badness 10000) in paragraph at lines 164--165
[][]$\T1/ptm/m/n/12 https : / / ragchat .
 []


Underfull \hbox (badness 10000) in paragraph at lines 166--166
[]|\T1/ptm/m/n/12 Application de chat
 []


Underfull \hbox (badness 10000) in paragraph at lines 166--166
\T1/ptm/m/n/12 ba-sée sur Retrieval-
 []


Underfull \hbox (badness 6641) in paragraph at lines 166--166
\T1/ptm/m/n/12 une IA à par-tir de
 []


Underfull \hbox (badness 1442) in paragraph at lines 168--169
[]|\T1/ptm/m/n/12 Assistance pé-da-
 []


Underfull \hbox (badness 7832) in paragraph at lines 168--169
\T1/ptm/m/n/12 go-gique per-son-
 []


Underfull \hbox (badness 10000) in paragraph at lines 171--172
[][]$\T1/ptm/m/n/12 https :
 []


Underfull \hbox (badness 4872) in paragraph at lines 173--173
[]|\T1/ptm/m/n/12 Constructeur de sites
 []


Underfull \hbox (badness 10000) in paragraph at lines 173--173
\T1/ptm/m/n/12 web sim-pli-fié pour
 []


Underfull \hbox (badness 10000) in paragraph at lines 173--173
\T1/ptm/m/n/12 pro-jets pé-da-go-giques,
 []


Underfull \hbox (badness 10000) in paragraph at lines 173--173
\T1/ptm/m/n/12 per-met-tant aux en-
 []


Underfull \hbox (badness 10000) in paragraph at lines 173--173
\T1/ptm/m/n/12 sei-gnants de créer
 []


Underfull \hbox (badness 10000) in paragraph at lines 174--174
[]|\T1/ptm/m/n/12 HTML/CSS/JS, In-ter-
 []


Underfull \hbox (badness 10000) in paragraph at lines 175--176
[]|\T1/ptm/m/n/12 Autonomisation
 []


Underfull \hbox (badness 6859) in paragraph at lines 175--176
\T1/ptm/m/n/12 des en-sei-gnants,
 []


Underfull \hbox (badness 10000) in paragraph at lines 178--179
[]|\T1/ptm/b/n/12 Éditeur Mark-
 []


Underfull \hbox (badness 10000) in paragraph at lines 178--179
[][]$\T1/ptm/m/n/12 https :
 []


Underfull \hbox (badness 10000) in paragraph at lines 178--179
\T1/ptm/m/n/12 / / chatmd-[]editor .
 []


Underfull \hbox (badness 10000) in paragraph at lines 180--180
[]|\T1/ptm/m/n/12 Éditeur de fi-chiers
 []


Underfull \hbox (badness 10000) in paragraph at lines 180--180
\T1/ptm/m/n/12 Mark-down spé-cia-le-
 []


Underfull \hbox (badness 3019) in paragraph at lines 180--180
\T1/ptm/m/n/12 ment conçu pour les
 []


Underfull \hbox (badness 2393) in paragraph at lines 181--181
[]|\T1/ptm/m/n/12 Markdown, IA, In-ter-
 []


Underfull \hbox (badness 10000) in paragraph at lines 182--183
[]|\T1/ptm/m/n/12 Facilitation des
 []


Underfull \hbox (badness 10000) in paragraph at lines 182--183
\T1/ptm/m/n/12 échanges avec
 []


pdfTeX warning (ext4): destination with the same identifier (name{page.}) has b
een already used, duplicate ignored
<to be read again> 
                   \relax 
l.185 \end{longtable}
                      [9]
pdfTeX warning (ext4): destination with the same identifier (name{page.}) has b
een already used, duplicate ignored
<to be read again> 
                   \relax 
l.185 \end{longtable}
                      [10]


pdfTeX warning (ext4): destination with the same identifier (name{page.}) has b
een already used, duplicate ignored
<to be read again> 
                   \relax 
l.206     \item \textbf
                       {Adoption large} : Plus de 50 Ã©tablissements utilisa...
[11]


pdfTeX warning (ext4): destination with the same identifier (name{page.}) has b
een already used, duplicate ignored
<to be read again> 
                   \relax 
l.243     \item \textbf
                       {Innovation reconnue} : SÃ©lection comme exemple de b...
[12]


pdfTeX warning (ext4): destination with the same identifier (name{page.}) has b
een already used, duplicate ignored
<to be read again> 
                   \relax 
l.281     \item \textbf
                       {Du 01/09/2022 au 31/08/2025} : LycÃ©e gÃ©nÃ©ral et t...
[13]
Overfull \hbox (35.77354pt too wide) in alignment at lines 289--294
 [] [] [] [] 
 []


Overfull \hbox (35.77354pt too wide) in alignment at lines 294--298
 [] [] [] [] 
 []


Underfull \hbox (badness 3068) in paragraph at lines 321--321
[]|\T1/ptm/m/n/12 D1_DEVELOPPER ET CER-TI-FIER COM-PE-TENCES
 []


Underfull \hbox (badness 10000) in paragraph at lines 336--336
[]|\T1/ptm/m/n/12 S3 PAR-COURS FOR-MA-TION TRANS-VER-SALE
 []


Underfull \hbox (badness 10000) in paragraph at lines 336--336
\T1/ptm/m/n/12 CONTI-NUEE T1-2-3 - PAR-COURS FOR-MA-TION
 []


Underfull \hbox (badness 1371) in paragraph at lines 339--339
[]|\T1/ptm/m/n/12 S3_LGT EN-SEI-GNE-MENTS DE SPE-CIA-LITE - NSI
 []


Underfull \hbox (badness 1371) in paragraph at lines 342--342
[]|\T1/ptm/m/n/12 S3_LGT EN-SEI-GNE-MENTS DE SPE-CIA-LITE - NSI
 []


Underfull \hbox (badness 2846) in paragraph at lines 345--345
[]|\T1/ptm/m/n/12 S3_EDS NU-ME-RIQUES ET SCIENCES IN-FOR-MA-
 []


Overfull \hbox (35.77354pt too wide) in alignment at lines 298--348
 [] [] [] [] 
 []


pdfTeX warning (ext4): destination with the same identifier (name{page.}) has b
een already used, duplicate ignored
<to be read again> 
                   \relax 
l.348 \end{longtable}
                      [14]


pdfTeX warning (ext4): destination with the same identifier (name{page.}) has b
een already used, duplicate ignored
<to be read again> 
                   \relax 
l.376     \item \textbf
                       {Sandrine TETART} â€” Enseignante NSI : Collaboration...
[15])


pdfTeX warning (ext4): destination with the same identifier (name{page.}) has b
een already used, duplicate ignored
<to be read again> 
                   \relax 
l.767 ...administratives/p4_chap2_administratives}
                                                   [16]
Overfull \hbox (39.73424pt too wide) in paragraph at lines 794--794
\T1/ptm/m/n/12 col-lèges et ly-cées [Cadre na-tio-nal de for-ma-tion des en-sei
-gnants]. [][]$https : / / www . devenirenseignant .
 []




pdfTeX warning (ext4): destination with the same identifier (name{page.}) has b
een already used, duplicate ignored
<to be read again> 
                   \relax 
l.794 \printbibliography[heading=none]
                                       [17



]
Overfull \hbox (18.71039pt too wide) in paragraph at lines 794--794
[][][]\T1/ptm/m/sc/12 Ministère de l'Éducation nationale[]\T1/ptm/m/n/12 . (202
1). Bac-ca-lau-réat spé-cia-lité Nu-mé-rique et Sciences
 []


Overfull \hbox (27.80185pt too wide) in paragraph at lines 794--794
\T1/ptm/m/n/12 pren-tis-sages cri-tiques [Ré-fé-ren-tiel of-fi-ciel BUT In-for-
ma-tique]. [][]$https : / / www . enseignementsup -[]
 []




pdfTeX warning (ext4): destination with the same identifier (name{page.}) has b
een already used, duplicate ignored
<to be read again> 
                   \relax 
l.794 \printbibliography[heading=none]
                                       [18] (main.ind)


pdfTeX warning (ext4): destination with the same identifier (name{page.}) has b
een already used, duplicate ignored
<to be read again> 
                   \relax 
l.807 \end{document}
                     [19] (main.aux (partie1/p1_chap1_introduction.aux)
(partie1/p1_chap2_description_parcours.aux)
(partie1/p1_chap3_formation_initiale.aux)
(partie1/p1_chap4_formation_continue.aux)
(partie1/p1_chap5_parcours_detaille.aux)
(partie1/p1_chap6_autres_experiences.aux) (partie1/p1_chap7_bilan.aux)
(partie2/p2_chap1_introduction.aux) (partie2/p2_chap2_experience_sql.aux)
(partie2/p2_chap3_experience_jeux.aux)
(partie2/p2_chap4_experience_evaluation.aux) (partie2/p2_chap5_conclusion.aux)
(partie3/p3_chap1_introduction.aux) (partie3/p3_chap2_analyse_competences.aux)
(partie3/p3_chap3_experiences_exceptionnelles.aux)
(partie3/p3_chap4_synthese_correspondance.aux)
(partie3/p3_chap5_projet_professionnel.aux)
(annexes/pedagogiques/p4_chap1_pedagogiques.aux)
(annexes/administratives/p4_chap2_administratives.aux))
 ***********
LaTeX2e <2025-06-01> patch level 1
L3 programming layer <2025-07-11>
 ***********


Package biblatex Warning: Please rerun LaTeX.
(biblatex)                Page breaks have changed.

Package logreq Info: Writing requests to 'main.run.xml'.
\openout1 = `main.run.xml'.

 ) 
Here is how much of TeX's memory you used:
 40895 strings out of 468149
 823366 string characters out of 5430598
 1773008 words of memory out of 5000000
 68412 multiletter control sequences out of 15000+600000
 744117 words of font info for 202 fonts, out of 8000000 for 9000
 1141 hyphenation exceptions out of 8191
 84i,18n,87p,892b,3992s stack positions out of 10000i,1000n,20000p,200000b,200000s
<C:/Users/estebe/AppData/Local/Programs/MiKTeX/fonts/type1/public/amsfonts/cm
/cmmi10.pfb><C:/Users/estebe/AppData/Local/Programs/MiKTeX/fonts/type1/public/a
msfonts/cm/cmr10.pfb><C:/Users/estebe/AppData/Local/Programs/MiKTeX/fonts/type1
/public/amsfonts/cm/cmsy10.pfb><C:/Users/estebe/AppData/Local/Programs/MiKTeX/f
onts/type1/public/amsfonts/symbols/msam10.pfb><C:/Users/estebe/AppData/Local/Pr
ograms/MiKTeX/fonts/type1/urw/courier/ucrr8a.pfb><C:/Users/estebe/AppData/Local
/Programs/MiKTeX/fonts/type1/urw/times/utmb8a.pfb><C:/Users/estebe/AppData/Loca
l/Programs/MiKTeX/fonts/type1/urw/times/utmbi8a.pfb><C:/Users/estebe/AppData/Lo
cal/Programs/MiKTeX/fonts/type1/urw/times/utmr8a.pfb><C:/Users/estebe/AppData/L
ocal/Programs/MiKTeX/fonts/type1/urw/times/utmri8a.pfb>
Output written on main.pdf (126 pages, 9117675 bytes).
PDF statistics:
 1687 PDF objects out of 1728 (max. 8388607)
 318 named destinations out of 1000 (max. 500000)
 113 words of extra memory for PDF output out of 10000 (max. 10000000)

